,Date,CE_Entry_Price,CE_Exit_Price,PE_Entry_Price,PE_Exit_Price,PnL
0,2026-01-31,,,,,0
,Date,CE_Entry_Price,CE_Exit_Price,PE_Entry_Price,PE_Exit_Price,PnL
0,2026-01-31,,,,,0
,Date,CE_Entry_Price,CE_Exit_Price,PE_Entry_Price,PE_Exit_Price,PnL
0,2026-01-31,,,,,0
,Date,CE_Entry_Price,CE_Exit_Price,PE_Entry_Price,PE_Exit_Price,PnL
0,2026-01-31,,,,,0
,Date,CE_Entry_Price,CE_Exit_Price,PE_Entry_Price,PE_Exit_Price,PnL
0,2026-01-31,,,,,0
,Date,CE_Entry_Price,CE_Exit_Price,PE_Entry_Price,PE_Exit_Price,PnL
0,2026-01-31,,,,,0
,Date,CE_Entry_Price,CE_Exit_Price,PE_Entry_Price,PE_Exit_Price,PnL
0,2026-01-31,,,,,0
,Date,CE_Entry_Price,CE_Exit_Price,PE_Entry_Price,PE_Exit_Price,PnL
0,2026-01-31,,,,,0
,Date,CE_Entry_Price,CE_Exit_Price,PE_Entry_Price,PE_Exit_Price,PnL
0,2026-01-31,,,,,0
,Date,CE_Entry_Price,CE_Exit_Price,PE_Entry_Price,PE_Exit_Price,PnL
0,2026-01-31,,,,,0
,Date,CE_Entry_Price,CE_Exit_Price,PE_Entry_Price,PE_Exit_Price,PnL
0,2026-01-31,,,,,0
,Date,CE_Entry_Price,CE_Exit_Price,PE_Entry_Price,PE_Exit_Price,PnL
0,2026-01-31,,,,,0
,Date,CE_Entry_Price,CE_Exit_Price,PE_Entry_Price,PE_Exit_Price,PnL
0,2026-01-31,,,,,0
,Date,CE_Entry_Price,CE_Exit_Price,PE_Entry_Price,PE_Exit_Price,PnL
0,2026-01-31,,,,,0
,Date,CE_Entry_Price,CE_Exit_Price,PE_Entry_Price,PE_Exit_Price,PnL
0,2026-01-31,,,,,0
,Date,CE_Entry_Price,CE_Exit_Price,PE_Entry_Price,PE_Exit_Price,PnL
0,2026-01-31,,,,,0
,Date,CE_Entry_Price,CE_Exit_Price,PE_Entry_Price,PE_Exit_Price,PnL
0,2026-01-31,,,,,0
,Date,CE_Entry_Price,CE_Exit_Price,PE_Entry_Price,PE_Exit_Price,PnL
0,2026-01-31,,,,,0
,Date,CE_Entry_Price,CE_Exit_Price,PE_Entry_Price,PE_Exit_Price,PnL
0,2026-01-31,,,,,0
,Date,CE_Entry_Price,CE_Exit_Price,PE_Entry_Price,PE_Exit_Price,PnL
0,2026-01-31,,,,,0
,Date,CE_Entry_Price,CE_Exit_Price,PE_Entry_Price,PE_Exit_Price,PnL
0,2026-01-31,,,,,0
,Date,CE_Entry_Price,CE_Exit_Price,PE_Entry_Price,PE_Exit_Price,PnL
0,2026-01-31,,,,,0
,Date,CE_Entry_Price,CE_Exit_Price,PE_Entry_Price,PE_Exit_Price,PnL
0,2026-01-31,,,,,0
,Date,CE_Entry_Price,CE_Exit_Price,PE_Entry_Price,PE_Exit_Price,PnL
0,2026-02-03,,,,,0
,Date,CE_Entry_Price,CE_Exit_Price,PE_Entry_Price,PE_Exit_Price,PnL
0,2026-02-03,,,,,0
,Date,CE_Entry_Price,CE_Exit_Price,PE_Entry_Price,PE_Exit_Price,PnL
0,2026-02-03,,,,,0
,Date,CE_Entry_Price,CE_Exit_Price,PE_Entry_Price,PE_Exit_Price,PnL
0,2026-02-03,,,,,0
,Date,CE_Entry_Price,CE_Exit_Price,PE_Entry_Price,PE_Exit_Price,PnL
0,2026-02-03,,,,,0
,Date,CE_Entry_Price,CE_Exit_Price,PE_Entry_Price,PE_Exit_Price,PnL
0,2026-02-03,,,,,0
,Date,CE_Entry_Price,CE_Exit_Price,PE_Entry_Price,PE_Exit_Price,PnL
0,2026-02-03,,,,,0
,Date,CE_Entry_Price,CE_Exit_Price,PE_Entry_Price,PE_Exit_Price,PnL
0,2026-02-03,,,,,0
,Date,CE_Entry_Price,CE_Exit_Price,PE_Entry_Price,PE_Exit_Price,PnL
0,2026-02-03,,,,,0
,Date,CE_Entry_Price,CE_Exit_Price,PE_Entry_Price,PE_Exit_Price,PnL
0,2026-02-03,,,,,0
,Date,CE_Entry_Price,CE_Exit_Price,PE_Entry_Price,PE_Exit_Price,PnL
0,2026-02-03,,,,,0
,Date,CE_Entry_Price,CE_Exit_Price,PE_Entry_Price,PE_Exit_Price,PnL
0,2026-02-03,,,,,0
,Date,CE_Entry_Price,CE_Exit_Price,PE_Entry_Price,PE_Exit_Price,PnL
0,2026-02-03,,,,,0
,Date,CE_Entry_Price,CE_Exit_Price,PE_Entry_Price,PE_Exit_Price,PnL
0,2026-02-04,,,,,0
,Date,CE_Entry_Price,CE_Exit_Price,PE_Entry_Price,PE_Exit_Price,PnL
0,2026-02-04,,,,,0
,Date,CE_Entry_Price,CE_Exit_Price,PE_Entry_Price,PE_Exit_Price,PnL
0,2026-02-04,,,,,0
,Date,CE_Entry_Price,CE_Exit_Price,PE_Entry_Price,PE_Exit_Price,PnL
0,2026-02-04,,,,,0
,Date,CE_Entry_Price,CE_Exit_Price,PE_Entry_Price,PE_Exit_Price,PnL
0,2026-02-04,,,,,0
,Date,CE_Entry_Price,CE_Exit_Price,PE_Entry_Price,PE_Exit_Price,PnL
0,2026-02-04,,,,,0
,Date,CE_Entry_Price,CE_Exit_Price,PE_Entry_Price,PE_Exit_Price,PnL
0,2026-02-04,,,,,0
,Date,CE_Entry_Price,CE_Exit_Price,PE_Entry_Price,PE_Exit_Price,PnL
0,2026-02-04,,,,,0
,Date,CE_Entry_Price,CE_Exit_Price,PE_Entry_Price,PE_Exit_Price,PnL
0,2026-02-05,,,,,0
,Date,CE_Entry_Price,CE_Exit_Price,PE_Entry_Price,PE_Exit_Price,PnL
0,2026-02-05,,,,,0
,Date,CE_Entry_Price,CE_Exit_Price,PE_Entry_Price,PE_Exit_Price,PnL
0,2026-02-05,,,,,0
,Date,CE_Entry_Price,CE_Exit_Price,PE_Entry_Price,PE_Exit_Price,PnL
0,2026-02-05,,,,,0
,Date,CE_Entry_Price,CE_Exit_Price,PE_Entry_Price,PE_Exit_Price,PnL
0,2026-02-05,,,,,0
,Date,CE_Entry_Price,CE_Exit_Price,PE_Entry_Price,PE_Exit_Price,PnL
0,2026-02-05,,,,,0
,Date,CE_Entry_Price,CE_Exit_Price,PE_Entry_Price,PE_Exit_Price,PnL
0,2026-02-05,,,,,0
,Date,CE_Entry_Price,CE_Exit_Price,PE_Entry_Price,PE_Exit_Price,PnL
0,2026-02-05,,,,,0
,Date,CE_Entry_Price,CE_Exit_Price,PE_Entry_Price,PE_Exit_Price,PnL
0,2026-02-05,,,,,0
,Date,CE_Entry_Price,CE_Exit_Price,PE_Entry_Price,PE_Exit_Price,PnL
0,2026-02-05,,,,,0
,Date,CE_Entry_Price,CE_Exit_Price,PE_Entry_Price,PE_Exit_Price,PnL
0,2026-02-05,,,,,0
,Date,CE_Entry_Price,CE_Exit_Price,PE_Entry_Price,PE_Exit_Price,PnL
0,2026-02-06,,,,,0
,Date,CE_Entry_Price,CE_Exit_Price,PE_Entry_Price,PE_Exit_Price,PnL
0,2026-02-06,,,,,0
,Date,CE_Entry_Price,CE_Exit_Price,PE_Entry_Price,PE_Exit_Price,PnL
0,2026-02-06,,,,,0
,Date,CE_Entry_Price,CE_Exit_Price,PE_Entry_Price,PE_Exit_Price,PnL
0,2026-02-06,,,,,0
,Date,CE_Entry_Price,CE_Exit_Price,PE_Entry_Price,PE_Exit_Price,PnL
0,2026-02-06,,,,,0
,Date,CE_Entry_Price,CE_Exit_Price,PE_Entry_Price,PE_Exit_Price,PnL
0,2026-02-06,,,,,0
,Date,CE_Entry_Price,CE_Exit_Price,PE_Entry_Price,PE_Exit_Price,PnL
0,2026-02-06,,,,,0
,Date,CE_Entry_Price,CE_Exit_Price,PE_Entry_Price,PE_Exit_Price,PnL
0,2026-02-06,,,,,0
,Date,CE_Entry_Price,CE_Exit_Price,PE_Entry_Price,PE_Exit_Price,PnL
0,2026-02-06,,,,,0
,Date,CE_Entry_Price,CE_Exit_Price,PE_Entry_Price,PE_Exit_Price,PnL
0,2026-02-06,,,,,0
,Date,CE_Entry_Price,CE_Exit_Price,PE_Entry_Price,PE_Exit_Price,PnL
0,2026-02-06,,,,,0
,Date,CE_Entry_Price,CE_Exit_Price,PE_Entry_Price,PE_Exit_Price,PnL
0,2026-02-06,,,,,0
,Date,CE_Entry_Price,CE_Exit_Price,PE_Entry_Price,PE_Exit_Price,PnL
0,2026-02-06,,,,,0
,Date,CE_Entry_Price,CE_Exit_Price,PE_Entry_Price,PE_Exit_Price,PnL
0,2026-02-06,,,,,0
,Date,CE_Entry_Price,CE_Exit_Price,PE_Entry_Price,PE_Exit_Price,PnL
0,2026-02-06,,,,,0
,Date,CE_Entry_Price,CE_Exit_Price,PE_Entry_Price,PE_Exit_Price,PnL
0,2026-02-06,,,,,0
,Date,CE_Entry_Price,CE_Exit_Price,PE_Entry_Price,PE_Exit_Price,PnL
0,2026-02-06,,,,,0
,Date,CE_Entry_Price,CE_Exit_Price,PE_Entry_Price,PE_Exit_Price,PnL
0,2026-02-06,,,,,0
,Date,CE_Entry_Price,CE_Exit_Price,PE_Entry_Price,PE_Exit_Price,PnL
0,2026-02-06,,,,,0
,Date,CE_Entry_Price,CE_Exit_Price,PE_Entry_Price,PE_Exit_Price,PnL
0,2026-02-06,,,,,0
,Date,CE_Entry_Price,CE_Exit_Price,PE_Entry_Price,PE_Exit_Price,PnL
0,2026-02-06,,,,,0
,Date,CE_Entry_Price,CE_Exit_Price,PE_Entry_Price,PE_Exit_Price,PnL
0,2026-02-06,,,,,0
,Date,CE_Entry_Price,CE_Exit_Price,PE_Entry_Price,PE_Exit_Price,PnL
0,2026-02-06,,,,,0
,Date,CE_Entry_Price,CE_Exit_Price,PE_Entry_Price,PE_Exit_Price,PnL
0,2026-02-06,,,,,0
,Date,CE_Entry_Price,CE_Exit_Price,PE_Entry_Price,PE_Exit_Price,PnL
0,2026-02-06,,,,,0
,Date,CE_Entry_Price,CE_Exit_Price,PE_Entry_Price,PE_Exit_Price,PnL
0,2026-02-06,,,,,0
,Date,CE_Entry_Price,CE_Exit_Price,PE_Entry_Price,PE_Exit_Price,PnL
0,2026-02-06,,,,,0
,Date,CE_Entry_Price,CE_Exit_Price,PE_Entry_Price,PE_Exit_Price,PnL
0,2026-02-06,,,,,0
,Date,CE_Entry_Price,CE_Exit_Price,PE_Entry_Price,PE_Exit_Price,PnL
0,2026-02-06,,,,,0
,Date,CE_Entry_Price,CE_Exit_Price,PE_Entry_Price,PE_Exit_Price,PnL
0,2026-02-06,,,,,0
,Date,CE_Entry_Price,CE_Exit_Price,PE_Entry_Price,PE_Exit_Price,PnL
0,2026-02-06,,,,,0
,Date,CE_Entry_Price,CE_Exit_Price,PE_Entry_Price,PE_Exit_Price,PnL
0,2026-02-06,,,,,0
,Date,CE_Entry_Price,CE_Exit_Price,PE_Entry_Price,PE_Exit_Price,PnL
0,2026-02-06,,,,,0
,Date,CE_Entry_Price,CE_Exit_Price,PE_Entry_Price,PE_Exit_Price,PnL
0,2026-02-06,,,,,0
,Date,CE_Entry_Price,CE_Exit_Price,PE_Entry_Price,PE_Exit_Price,PnL
0,2026-02-06,,,,,0
,Date,CE_Entry_Price,CE_Exit_Price,PE_Entry_Price,PE_Exit_Price,PnL
0,2026-02-06,,,,,0
,Date,CE_Entry_Price,CE_Exit_Price,PE_Entry_Price,PE_Exit_Price,PnL
0,2026-02-06,,,,,0
,Date,CE_Entry_Price,CE_Exit_Price,PE_Entry_Price,PE_Exit_Price,PnL
0,2026-02-06,,,,,0
,Date,CE_Entry_Price,CE_Exit_Price,PE_Entry_Price,PE_Exit_Price,PnL
0,2026-02-06,,,,,0
,Date,CE_Entry_Price,CE_Exit_Price,PE_Entry_Price,PE_Exit_Price,PnL
0,2026-02-06,,,,,0
,Date,CE_Entry_Price,CE_Exit_Price,PE_Entry_Price,PE_Exit_Price,PnL
0,2026-02-06,,,,,0
,Date,CE_Entry_Price,CE_Exit_Price,PE_Entry_Price,PE_Exit_Price,PnL
0,2026-02-06,,,,,0
,Date,CE_Entry_Price,CE_Exit_Price,PE_Entry_Price,PE_Exit_Price,PnL
0,2026-02-06,,,,,0
,Date,CE_Entry_Price,CE_Exit_Price,PE_Entry_Price,PE_Exit_Price,PnL
0,2026-02-06,,,,,0
,Date,CE_Entry_Price,CE_Exit_Price,PE_Entry_Price,PE_Exit_Price,PnL
0,2026-02-09,,,,,0
,Date,CE_Entry_Price,CE_Exit_Price,PE_Entry_Price,PE_Exit_Price,PnL
0,2026-02-09,,,,,0
,Date,CE_Entry_Price,CE_Exit_Price,PE_Entry_Price,PE_Exit_Price,PnL
0,2026-02-09,,,,,0
,Date,CE_Entry_Price,CE_Exit_Price,PE_Entry_Price,PE_Exit_Price,PnL
0,2026-02-09,,,,,0
,Date,CE_Entry_Price,CE_Exit_Price,PE_Entry_Price,PE_Exit_Price,PnL
0,2026-02-09,,,,,0
,Date,CE_Entry_Price,CE_Exit_Price,PE_Entry_Price,PE_Exit_Price,PnL
0,2026-02-09,,,,,0
,Date,CE_Entry_Price,CE_Exit_Price,PE_Entry_Price,PE_Exit_Price,PnL
0,2026-02-09,,,,,0
,Date,CE_Entry_Price,CE_Exit_Price,PE_Entry_Price,PE_Exit_Price,PnL
0,2026-02-09,,,,,0
,Date,CE_Entry_Price,CE_Exit_Price,PE_Entry_Price,PE_Exit_Price,PnL
0,2026-02-09,,,,,0
,Date,CE_Entry_Price,CE_Exit_Price,PE_Entry_Price,PE_Exit_Price,PnL
0,2026-02-09,,,,,0
,Date,CE_Entry_Price,CE_Exit_Price,PE_Entry_Price,PE_Exit_Price,PnL
0,2026-02-09,,,,,0
,Date,CE_Entry_Price,CE_Exit_Price,PE_Entry_Price,PE_Exit_Price,PnL
0,2026-02-09,,,,,0
,Date,CE_Entry_Price,CE_Exit_Price,PE_Entry_Price,PE_Exit_Price,PnL
0,2026-02-09,,,,,0
,Date,CE_Entry_Price,CE_Exit_Price,PE_Entry_Price,PE_Exit_Price,PnL
0,2026-02-09,,,,,0
,Date,CE_Entry_Price,CE_Exit_Price,PE_Entry_Price,PE_Exit_Price,PnL
0,2026-02-09,,,,,0
,Date,CE_Entry_Price,CE_Exit_Price,PE_Entry_Price,PE_Exit_Price,PnL
0,2026-02-09,,,,,0
,Date,CE_Entry_Price,CE_Exit_Price,PE_Entry_Price,PE_Exit_Price,PnL
0,2026-02-09,,,,,0
,Date,CE_Entry_Price,CE_Exit_Price,PE_Entry_Price,PE_Exit_Price,PnL
0,2026-02-09,,,,,0
,Date,CE_Entry_Price,CE_Exit_Price,PE_Entry_Price,PE_Exit_Price,PnL
0,2026-02-09,,,,,0
,Date,CE_Entry_Price,CE_Exit_Price,PE_Entry_Price,PE_Exit_Price,PnL
0,2026-02-09,,,,,0
,Date,CE_Entry_Price,CE_Exit_Price,PE_Entry_Price,PE_Exit_Price,PnL
0,2026-02-09,,,,,0
,Date,CE_Entry_Price,CE_Exit_Price,PE_Entry_Price,PE_Exit_Price,PnL
0,2026-02-09,,,,,0
,Date,CE_Entry_Price,CE_Exit_Price,PE_Entry_Price,PE_Exit_Price,PnL
0,2026-02-09,,,,,0
,Date,CE_Entry_Price,CE_Exit_Price,PE_Entry_Price,PE_Exit_Price,PnL
0,2026-02-09,,,,,0
,Date,CE_Entry_Price,CE_Exit_Price,PE_Entry_Price,PE_Exit_Price,PnL
0,2026-02-09,,,,,0
,Date,CE_Entry_Price,CE_Exit_Price,PE_Entry_Price,PE_Exit_Price,PnL
0,2026-02-10,,,,,0
,Date,CE_Entry_Price,CE_Exit_Price,PE_Entry_Price,PE_Exit_Price,PnL
0,2026-02-10,,,,,0
,Date,CE_Entry_Price,CE_Exit_Price,PE_Entry_Price,PE_Exit_Price,PnL
0,2026-02-10,,,,,0
,Date,CE_Entry_Price,CE_Exit_Price,PE_Entry_Price,PE_Exit_Price,PnL
0,2026-02-10,,,,,0
,Date,CE_Entry_Price,CE_Exit_Price,PE_Entry_Price,PE_Exit_Price,PnL
0,2026-02-10,,,,,0
,Date,CE_Entry_Price,CE_Exit_Price,PE_Entry_Price,PE_Exit_Price,PnL
0,2026-02-10,,,,,0
,Date,CE_Entry_Price,CE_Exit_Price,PE_Entry_Price,PE_Exit_Price,PnL
0,2026-02-10,,,,,0
,Date,CE_Entry_Price,CE_Exit_Price,PE_Entry_Price,PE_Exit_Price,PnL
0,2026-02-10,,,,,0
,Date,CE_Entry_Price,CE_Exit_Price,PE_Entry_Price,PE_Exit_Price,PnL
0,2026-02-10,,,,,0
,Date,CE_Entry_Price,CE_Exit_Price,PE_Entry_Price,PE_Exit_Price,PnL
0,2026-02-10,,,,,0
,Date,CE_Entry_Price,CE_Exit_Price,PE_Entry_Price,PE_Exit_Price,PnL
0,2026-02-10,,,,,0
,Date,CE_Entry_Price,CE_Exit_Price,PE_Entry_Price,PE_Exit_Price,PnL
0,2026-02-10,,,,,0
,Date,CE_Entry_Price,CE_Exit_Price,PE_Entry_Price,PE_Exit_Price,PnL
0,2026-02-10,,,,,0
,Date,CE_Entry_Price,CE_Exit_Price,PE_Entry_Price,PE_Exit_Price,PnL
0,2026-02-10,,,,,0
,Date,CE_Entry_Price,CE_Exit_Price,PE_Entry_Price,PE_Exit_Price,PnL
0,2026-02-10,,,,,0
,Date,CE_Entry_Price,CE_Exit_Price,PE_Entry_Price,PE_Exit_Price,PnL
0,2026-02-10,,,,,0
,Date,CE_Entry_Price,CE_Exit_Price,PE_Entry_Price,PE_Exit_Price,PnL
0,2026-02-10,,,,,0
,Date,CE_Entry_Price,CE_Exit_Price,PE_Entry_Price,PE_Exit_Price,PnL
0,2026-02-10,,,,,0
,Date,CE_Entry_Price,CE_Exit_Price,PE_Entry_Price,PE_Exit_Price,PnL
0,2026-02-10,,,,,0
,Date,CE_Entry_Price,CE_Exit_Price,PE_Entry_Price,PE_Exit_Price,PnL
0,2026-02-10,,,,,0
,Date,CE_Entry_Price,CE_Exit_Price,PE_Entry_Price,PE_Exit_Price,PnL
0,2026-02-10,,,,,0
,Date,CE_Entry_Price,CE_Exit_Price,PE_Entry_Price,PE_Exit_Price,PnL
0,2026-02-10,,,,,0
,Date,CE_Entry_Price,CE_Exit_Price,PE_Entry_Price,PE_Exit_Price,PnL
0,2026-02-10,,,,,0
,Date,CE_Entry_Price,CE_Exit_Price,PE_Entry_Price,PE_Exit_Price,PnL
0,2026-02-11,,,,,0
,Date,CE_Entry_Price,CE_Exit_Price,PE_Entry_Price,PE_Exit_Price,PnL
0,2026-02-11,,,,,0
,Date,CE_Entry_Price,CE_Exit_Price,PE_Entry_Price,PE_Exit_Price,PnL
0,2026-02-11,,,,,0
,Date,CE_Entry_Price,CE_Exit_Price,PE_Entry_Price,PE_Exit_Price,PnL
0,2026-02-11,,,,,0
,Date,CE_Entry_Price,CE_Exit_Price,PE_Entry_Price,PE_Exit_Price,PnL
0,2026-02-11,,,,,0
,Date,CE_Entry_Price,CE_Exit_Price,PE_Entry_Price,PE_Exit_Price,PnL
0,2026-02-11,,,,,0
,Date,CE_Entry_Price,CE_Exit_Price,PE_Entry_Price,PE_Exit_Price,PnL
0,2026-02-12,,,,,0
,Date,CE_Entry_Price,CE_Exit_Price,PE_Entry_Price,PE_Exit_Price,PnL
0,2026-02-12,,,,,0
,Date,CE_Entry_Price,CE_Exit_Price,PE_Entry_Price,PE_Exit_Price,PnL
0,2026-02-12,,,,,0
,Date,CE_Entry_Price,CE_Exit_Price,PE_Entry_Price,PE_Exit_Price,PnL
0,2026-02-12,,,,,0
,Date,CE_Entry_Price,CE_Exit_Price,PE_Entry_Price,PE_Exit_Price,PnL
0,2026-02-12,,,,,0
,Date,CE_Entry_Price,CE_Exit_Price,PE_Entry_Price,PE_Exit_Price,PnL
0,2026-02-12,,,,,0
,Date,CE_Entry_Price,CE_Exit_Price,PE_Entry_Price,PE_Exit_Price,PnL
0,2026-02-12,,,,,0
,Date,CE_Entry_Price,CE_Exit_Price,PE_Entry_Price,PE_Exit_Price,PnL
0,2026-02-13,,,,,0
,Date,CE_Entry_Price,CE_Exit_Price,PE_Entry_Price,PE_Exit_Price,PnL
0,2026-02-13,,,,,0
,Date,CE_Entry_Price,CE_Exit_Price,PE_Entry_Price,PE_Exit_Price,PnL
0,2026-02-13,,,,,0
,Date,CE_Entry_Price,CE_Exit_Price,PE_Entry_Price,PE_Exit_Price,PnL
0,2026-02-13,,,,,0
,Date,CE_Entry_Price,CE_Exit_Price,PE_Entry_Price,PE_Exit_Price,PnL
0,2026-02-13,,,,,0
,Date,CE_Entry_Price,CE_Exit_Price,PE_Entry_Price,PE_Exit_Price,PnL
0,2026-02-13,,,,,0
,Date,CE_Entry_Price,CE_Exit_Price,PE_Entry_Price,PE_Exit_Price,PnL
0,2026-02-13,,,,,0
,Date,CE_Entry_Price,CE_Exit_Price,PE_Entry_Price,PE_Exit_Price,PnL
0,2026-02-13,,,,,0
,Date,CE_Entry_Price,CE_Exit_Price,PE_Entry_Price,PE_Exit_Price,PnL
0,2026-02-13,,,,,0
,Date,CE_Entry_Price,CE_Exit_Price,PE_Entry_Price,PE_Exit_Price,PnL
0,2026-02-13,,,,,0
,Date,CE_Entry_Price,CE_Exit_Price,PE_Entry_Price,PE_Exit_Price,PnL
0,2026-02-13,,,,,0
,Date,CE_Entry_Price,CE_Exit_Price,PE_Entry_Price,PE_Exit_Price,PnL
0,2026-02-13,,,,,0
,Date,CE_Entry_Price,CE_Exit_Price,PE_Entry_Price,PE_Exit_Price,PnL
0,2026-02-13,,,,,0
,Date,CE_Entry_Price,CE_Exit_Price,PE_Entry_Price,PE_Exit_Price,PnL
0,2026-02-13,,,,,0
,Date,CE_Entry_Price,CE_Exit_Price,PE_Entry_Price,PE_Exit_Price,PnL
0,2026-02-13,,,,,0
,Date,CE_Entry_Price,CE_Exit_Price,PE_Entry_Price,PE_Exit_Price,PnL
0,2026-02-13,,,,,0
,Date,CE_Entry_Price,CE_Exit_Price,PE_Entry_Price,PE_Exit_Price,PnL
0,2026-02-13,,,,,0
,Date,CE_Entry_Price,CE_Exit_Price,PE_Entry_Price,PE_Exit_Price,PnL
0,2026-02-13,,,,,0
,Date,CE_Entry_Price,CE_Exit_Price,PE_Entry_Price,PE_Exit_Price,PnL
0,2026-02-13,,,,,0
,Date,CE_Entry_Price,CE_Exit_Price,PE_Entry_Price,PE_Exit_Price,PnL
0,2026-02-13,,,,,0
,Date,CE_Entry_Price,CE_Exit_Price,PE_Entry_Price,PE_Exit_Price,PnL
0,2026-02-13,,,,,0
,Date,CE_Entry_Price,CE_Exit_Price,PE_Entry_Price,PE_Exit_Price,PnL
0,2026-02-13,,,,,0
,Date,CE_Entry_Price,CE_Exit_Price,PE_Entry_Price,PE_Exit_Price,PnL
0,2026-02-13,,,,,0
,Date,CE_Entry_Price,CE_Exit_Price,PE_Entry_Price,PE_Exit_Price,PnL
0,2026-02-13,,,,,0
,Date,CE_Entry_Price,CE_Exit_Price,PE_Entry_Price,PE_Exit_Price,PnL
0,2026-02-13,,,,,0
,Date,CE_Entry_Price,CE_Exit_Price,PE_Entry_Price,PE_Exit_Price,PnL
0,2026-02-13,,,,,0
,Date,CE_Entry_Price,CE_Exit_Price,PE_Entry_Price,PE_Exit_Price,PnL
0,2026-02-13,,,,,0
,Date,CE_Entry_Price,CE_Exit_Price,PE_Entry_Price,PE_Exit_Price,PnL
0,2026-02-13,,,,,0
,Date,CE_Entry_Price,CE_Exit_Price,PE_Entry_Price,PE_Exit_Price,PnL
0,2026-02-13,,,,,0
,Date,CE_Entry_Price,CE_Exit_Price,PE_Entry_Price,PE_Exit_Price,PnL
0,2026-02-13,,,,,0
,Date,CE_Entry_Price,CE_Exit_Price,PE_Entry_Price,PE_Exit_Price,PnL
0,2026-02-13,,,,,0
,Date,CE_Entry_Price,CE_Exit_Price,PE_Entry_Price,PE_Exit_Price,PnL
0,2026-02-13,,,,,0
,Date,CE_Entry_Price,CE_Exit_Price,PE_Entry_Price,PE_Exit_Price,PnL
0,2026-02-14,,,,,0
,Date,CE_Entry_Price,CE_Exit_Price,PE_Entry_Price,PE_Exit_Price,PnL
0,2026-02-14,,,,,0
,Date,CE_Entry_Price,CE_Exit_Price,PE_Entry_Price,PE_Exit_Price,PnL
0,2026-02-14,,,,,0
,Date,CE_Entry_Price,CE_Exit_Price,PE_Entry_Price,PE_Exit_Price,PnL
0,2026-02-14,,,,,0
,Date,CE_Entry_Price,CE_Exit_Price,PE_Entry_Price,PE_Exit_Price,PnL
0,2026-02-14,,,,,0
,Date,CE_Entry_Price,CE_Exit_Price,PE_Entry_Price,PE_Exit_Price,PnL
0,2026-02-14,,,,,0
,Date,CE_Entry_Price,CE_Exit_Price,PE_Entry_Price,PE_Exit_Price,PnL
0,2026-02-14,,,,,0
,Date,CE_Entry_Price,CE_Exit_Price,PE_Entry_Price,PE_Exit_Price,PnL
0,2026-02-14,,,,,0
,Date,CE_Entry_Price,CE_Exit_Price,PE_Entry_Price,PE_Exit_Price,PnL
0,2026-02-14,,,,,0
,Date,CE_Entry_Price,CE_Exit_Price,PE_Entry_Price,PE_Exit_Price,PnL
0,2026-02-14,,,,,0
,Date,CE_Entry_Price,CE_Exit_Price,PE_Entry_Price,PE_Exit_Price,PnL
0,2026-02-14,,,,,0
,Date,CE_Entry_Price,CE_Exit_Price,PE_Entry_Price,PE_Exit_Price,PnL
0,2026-02-14,,,,,0
,Date,CE_Entry_Price,CE_Exit_Price,PE_Entry_Price,PE_Exit_Price,PnL
0,2026-02-15,,,,,0
,Date,CE_Entry_Price,CE_Exit_Price,PE_Entry_Price,PE_Exit_Price,PnL
0,2026-02-15,,,,,0
,Date,CE_Entry_Price,CE_Exit_Price,PE_Entry_Price,PE_Exit_Price,PnL
0,2026-02-15,,,,,0
,Date,CE_Entry_Price,CE_Exit_Price,PE_Entry_Price,PE_Exit_Price,PnL
0,2026-02-15,,,,,0
,Date,CE_Entry_Price,CE_Exit_Price,PE_Entry_Price,PE_Exit_Price,PnL
0,2026-02-15,,,,,0
,Date,CE_Entry_Price,CE_Exit_Price,PE_Entry_Price,PE_Exit_Price,PnL
0,2026-02-15,,,,,0
,Date,CE_Entry_Price,CE_Exit_Price,PE_Entry_Price,PE_Exit_Price,PnL
0,2026-02-15,,,,,0
,Date,CE_Entry_Price,CE_Exit_Price,PE_Entry_Price,PE_Exit_Price,PnL
0,2026-02-15,,,,,0
,Date,CE_Entry_Price,CE_Exit_Price,PE_Entry_Price,PE_Exit_Price,PnL
0,2026-02-15,,,,,0
,Date,CE_Entry_Price,CE_Exit_Price,PE_Entry_Price,PE_Exit_Price,PnL
0,2026-02-16,,,,,0
,Date,CE_Entry_Price,CE_Exit_Price,PE_Entry_Price,PE_Exit_Price,PnL
0,2026-02-16,,,,,0
,Date,CE_Entry_Price,CE_Exit_Price,PE_Entry_Price,PE_Exit_Price,PnL
0,2026-02-16,,,,,0
,Date,CE_Entry_Price,CE_Exit_Price,PE_Entry_Price,PE_Exit_Price,PnL
0,2026-02-16,,,,,0
,Date,CE_Entry_Price,CE_Exit_Price,PE_Entry_Price,PE_Exit_Price,PnL
0,2026-02-16,,,,,0
,Date,CE_Entry_Price,CE_Exit_Price,PE_Entry_Price,PE_Exit_Price,PnL
0,2026-02-16,,,,,0
,Date,CE_Entry_Price,CE_Exit_Price,PE_Entry_Price,PE_Exit_Price,PnL
0,2026-02-16,,,,,0
,Date,CE_Entry_Price,CE_Exit_Price,PE_Entry_Price,PE_Exit_Price,PnL
0,2026-02-16,,,,,0
,Date,CE_Entry_Price,CE_Exit_Price,PE_Entry_Price,PE_Exit_Price,PnL
0,2026-02-16,,,,,0
,Date,CE_Entry_Price,CE_Exit_Price,PE_Entry_Price,PE_Exit_Price,PnL
0,2026-02-16,,,,,0
,Date,CE_Entry_Price,CE_Exit_Price,PE_Entry_Price,PE_Exit_Price,PnL
0,2026-02-16,,,,,0
,Date,CE_Entry_Price,CE_Exit_Price,PE_Entry_Price,PE_Exit_Price,PnL
0,2026-02-16,,,,,0
,Date,CE_Entry_Price,CE_Exit_Price,PE_Entry_Price,PE_Exit_Price,PnL
0,2026-02-16,,,,,0
,Date,CE_Entry_Price,CE_Exit_Price,PE_Entry_Price,PE_Exit_Price,PnL
0,2026-02-16,,,,,0
,Date,CE_Entry_Price,CE_Exit_Price,PE_Entry_Price,PE_Exit_Price,PnL
0,2026-02-16,,,,,0
,Date,CE_Entry_Price,CE_Exit_Price,PE_Entry_Price,PE_Exit_Price,PnL
0,2026-02-16,,,,,0
,Date,CE_Entry_Price,CE_Exit_Price,PE_Entry_Price,PE_Exit_Price,PnL
0,2026-02-16,,,,,0
,Date,CE_Entry_Price,CE_Exit_Price,PE_Entry_Price,PE_Exit_Price,PnL
0,2026-02-16,,,,,0
,Date,CE_Entry_Price,CE_Exit_Price,PE_Entry_Price,PE_Exit_Price,PnL
0,2026-02-16,,,,,0
,Date,CE_Entry_Price,CE_Exit_Price,PE_Entry_Price,PE_Exit_Price,PnL
0,2026-02-16,,,,,0
,Date,CE_Entry_Price,CE_Exit_Price,PE_Entry_Price,PE_Exit_Price,PnL
0,2026-02-16,,,,,0
,Date,CE_Entry_Price,CE_Exit_Price,PE_Entry_Price,PE_Exit_Price,PnL
0,2026-02-16,,,,,0
,Date,CE_Entry_Price,CE_Exit_Price,PE_Entry_Price,PE_Exit_Price,PnL
0,2026-02-16,,,,,0
,Date,CE_Entry_Price,CE_Exit_Price,PE_Entry_Price,PE_Exit_Price,PnL
0,2026-02-17,,,,,0
,Date,CE_Entry_Price,CE_Exit_Price,PE_Entry_Price,PE_Exit_Price,PnL
0,2026-02-17,,,,,0
,Date,CE_Entry_Price,CE_Exit_Price,PE_Entry_Price,PE_Exit_Price,PnL
0,2026-02-17,,,,,0
,Date,CE_Entry_Price,CE_Exit_Price,PE_Entry_Price,PE_Exit_Price,PnL
0,2026-02-17,,,,,0
,Date,CE_Entry_Price,CE_Exit_Price,PE_Entry_Price,PE_Exit_Price,PnL
0,2026-02-17,,,,,0
,Date,CE_Entry_Price,CE_Exit_Price,PE_Entry_Price,PE_Exit_Price,PnL
0,2026-02-17,,,,,0
,Date,CE_Entry_Price,CE_Exit_Price,PE_Entry_Price,PE_Exit_Price,PnL
0,2026-02-17,,,,,0
,Date,CE_Entry_Price,CE_Exit_Price,PE_Entry_Price,PE_Exit_Price,PnL
0,2026-02-17,,,,,0
,Date,CE_Entry_Price,CE_Exit_Price,PE_Entry_Price,PE_Exit_Price,PnL
0,2026-02-17,,,,,0
,Date,CE_Entry_Price,CE_Exit_Price,PE_Entry_Price,PE_Exit_Price,PnL
0,2026-02-17,,,,,0
,Date,CE_Entry_Price,CE_Exit_Price,PE_Entry_Price,PE_Exit_Price,PnL
0,2026-02-17,,,,,0
,Date,CE_Entry_Price,CE_Exit_Price,PE_Entry_Price,PE_Exit_Price,PnL
0,2026-02-17,,,,,0
,Date,CE_Entry_Price,CE_Exit_Price,PE_Entry_Price,PE_Exit_Price,PnL
0,2026-02-17,,,,,0
,Date,CE_Entry_Price,CE_Exit_Price,PE_Entry_Price,PE_Exit_Price,PnL
0,2026-02-17,,,,,0
,Date,CE_Entry_Price,CE_Exit_Price,PE_Entry_Price,PE_Exit_Price,PnL
0,2026-02-17,,,,,0
,Date,CE_Entry_Price,CE_Exit_Price,PE_Entry_Price,PE_Exit_Price,PnL
0,2026-02-17,,,,,0
,Date,CE_Entry_Price,CE_Exit_Price,PE_Entry_Price,PE_Exit_Price,PnL
0,2026-02-17,,,,,0
,Date,CE_Entry_Price,CE_Exit_Price,PE_Entry_Price,PE_Exit_Price,PnL
0,2026-02-17,,,,,0
,Date,CE_Entry_Price,CE_Exit_Price,PE_Entry_Price,PE_Exit_Price,PnL
0,2026-02-17,,,,,0
,Date,CE_Entry_Price,CE_Exit_Price,PE_Entry_Price,PE_Exit_Price,PnL
0,2026-02-17,,,,,0
,Date,CE_Entry_Price,CE_Exit_Price,PE_Entry_Price,PE_Exit_Price,PnL
0,2026-02-17,,,,,0
,Date,CE_Entry_Price,CE_Exit_Price,PE_Entry_Price,PE_Exit_Price,PnL
0,2026-02-17,,,,,0
,Date,CE_Entry_Price,CE_Exit_Price,PE_Entry_Price,PE_Exit_Price,PnL
0,2026-02-17,,,,,0
,Date,CE_Entry_Price,CE_Exit_Price,PE_Entry_Price,PE_Exit_Price,PnL
0,2026-02-19,,,,,0
,Date,CE_Entry_Price,CE_Exit_Price,PE_Entry_Price,PE_Exit_Price,PnL
0,2026-02-19,,,,,0
,Date,CE_Entry_Price,CE_Exit_Price,PE_Entry_Price,PE_Exit_Price,PnL
0,2026-02-20,,,,,0
,Date,CE_Entry_Price,CE_Exit_Price,PE_Entry_Price,PE_Exit_Price,PnL
0,2026-02-20,,,,,0
,Date,CE_Entry_Price,CE_Exit_Price,PE_Entry_Price,PE_Exit_Price,PnL
0,2026-02-21,,,,,0
,Date,CE_Entry_Price,CE_Exit_Price,PE_Entry_Price,PE_Exit_Price,PnL
0,2026-02-21,,,,,0
,Date,CE_Entry_Price,CE_Exit_Price,PE_Entry_Price,PE_Exit_Price,PnL
0,2026-02-21,,,,,0
,Date,CE_Entry_Price,CE_Exit_Price,PE_Entry_Price,PE_Exit_Price,PnL
0,2026-02-21,,,,,0
,Date,CE_Entry_Price,CE_Exit_Price,PE_Entry_Price,PE_Exit_Price,PnL
0,2026-02-22,,,,,0
,Date,CE_Entry_Price,CE_Exit_Price,PE_Entry_Price,PE_Exit_Price,PnL
0,2026-02-22,,,,,0
,Date,CE_Entry_Price,CE_Exit_Price,PE_Entry_Price,PE_Exit_Price,PnL
0,2026-02-22,,,,,0
,Date,CE_Entry_Price,CE_Exit_Price,PE_Entry_Price,PE_Exit_Price,PnL
0,2026-02-22,,,,,0
,Date,CE_Entry_Price,CE_Exit_Price,PE_Entry_Price,PE_Exit_Price,PnL
0,2026-02-22,,,,,0
,Date,CE_Entry_Price,CE_Exit_Price,PE_Entry_Price,PE_Exit_Price,PnL
0,2026-02-22,,,,,0
,Date,CE_Entry_Price,CE_Exit_Price,PE_Entry_Price,PE_Exit_Price,PnL
0,2026-02-22,,,,,0
,Date,CE_Entry_Price,CE_Exit_Price,PE_Entry_Price,PE_Exit_Price,PnL
0,2026-02-22,,,,,0
,Date,CE_Entry_Price,CE_Exit_Price,PE_Entry_Price,PE_Exit_Price,PnL
0,2026-02-22,,,,,0
,Date,CE_Entry_Price,CE_Exit_Price,PE_Entry_Price,PE_Exit_Price,PnL
0,2026-02-22,,,,,0
,Date,CE_Entry_Price,CE_Exit_Price,PE_Entry_Price,PE_Exit_Price,PnL
0,2026-02-22,,,,,0
,Date,CE_Entry_Price,CE_Exit_Price,PE_Entry_Price,PE_Exit_Price,PnL
0,2026-02-22,,,,,0
,Date,CE_Entry_Price,CE_Exit_Price,PE_Entry_Price,PE_Exit_Price,PnL
0,2026-02-22,,,,,0
,Date,CE_Entry_Price,CE_Exit_Price,PE_Entry_Price,PE_Exit_Price,PnL
0,2026-02-22,,,,,0
,Date,CE_Entry_Price,CE_Exit_Price,PE_Entry_Price,PE_Exit_Price,PnL
0,2026-02-22,,,,,0
,Date,CE_Entry_Price,CE_Exit_Price,PE_Entry_Price,PE_Exit_Price,PnL
0,2026-02-22,,,,,0
,Date,CE_Entry_Price,CE_Exit_Price,PE_Entry_Price,PE_Exit_Price,PnL
0,2026-02-22,,,,,0
,Date,CE_Entry_Price,CE_Exit_Price,PE_Entry_Price,PE_Exit_Price,PnL
0,2026-02-22,,,,,0
,Date,CE_Entry_Price,CE_Exit_Price,PE_Entry_Price,PE_Exit_Price,PnL
0,2026-02-22,,,,,0
,Date,CE_Entry_Price,CE_Exit_Price,PE_Entry_Price,PE_Exit_Price,PnL
0,2026-02-22,,,,,0
,Date,CE_Entry_Price,CE_Exit_Price,PE_Entry_Price,PE_Exit_Price,PnL
0,2026-02-22,,,,,0
,Date,CE_Entry_Price,CE_Exit_Price,PE_Entry_Price,PE_Exit_Price,PnL
0,2026-02-22,,,,,0
,Date,CE_Entry_Price,CE_Exit_Price,PE_Entry_Price,PE_Exit_Price,PnL
0,2026-02-22,,,,,0
,Date,CE_Entry_Price,CE_Exit_Price,PE_Entry_Price,PE_Exit_Price,PnL
0,2026-02-23,,,,,0
,Date,CE_Entry_Price,CE_Exit_Price,PE_Entry_Price,PE_Exit_Price,PnL
0,2026-02-23,,,,,0
,Date,CE_Entry_Price,CE_Exit_Price,PE_Entry_Price,PE_Exit_Price,PnL
0,2026-02-23,,,,,0
,Date,CE_Entry_Price,CE_Exit_Price,PE_Entry_Price,PE_Exit_Price,PnL
0,2026-02-23,,,,,0
,Date,CE_Entry_Price,CE_Exit_Price,PE_Entry_Price,PE_Exit_Price,PnL
0,2026-02-23,,,,,0
,Date,CE_Entry_Price,CE_Exit_Price,PE_Entry_Price,PE_Exit_Price,PnL
0,2026-02-23,,,,,0
,Date,CE_Entry_Price,CE_Exit_Price,PE_Entry_Price,PE_Exit_Price,PnL
0,2026-02-23,,,,,0
,Date,CE_Entry_Price,CE_Exit_Price,PE_Entry_Price,PE_Exit_Price,PnL
0,2026-02-23,,,,,0
,Date,CE_Entry_Price,CE_Exit_Price,PE_Entry_Price,PE_Exit_Price,PnL
0,2026-02-23,,,,,0
,Date,CE_Entry_Price,CE_Exit_Price,PE_Entry_Price,PE_Exit_Price,PnL
0,2026-02-23,,,,,0
,Date,CE_Entry_Price,CE_Exit_Price,PE_Entry_Price,PE_Exit_Price,PnL
0,2026-02-23,,,,,0
,Date,CE_Entry_Price,CE_Exit_Price,PE_Entry_Price,PE_Exit_Price,PnL
0,2026-02-23,,,,,0
,Date,CE_Entry_Price,CE_Exit_Price,PE_Entry_Price,PE_Exit_Price,PnL
0,2026-02-23,,,,,0
,Date,CE_Entry_Price,CE_Exit_Price,PE_Entry_Price,PE_Exit_Price,PnL
0,2026-02-23,,,,,0
,Date,CE_Entry_Price,CE_Exit_Price,PE_Entry_Price,PE_Exit_Price,PnL
0,2026-02-23,,,,,0
,Date,CE_Entry_Price,CE_Exit_Price,PE_Entry_Price,PE_Exit_Price,PnL
0,2026-02-23,,,,,0
,Date,CE_Entry_Price,CE_Exit_Price,PE_Entry_Price,PE_Exit_Price,PnL
0,2026-02-23,,,,,0
,Date,CE_Entry_Price,CE_Exit_Price,PE_Entry_Price,PE_Exit_Price,PnL
0,2026-02-23,,,,,0
,Date,CE_Entry_Price,CE_Exit_Price,PE_Entry_Price,PE_Exit_Price,PnL
0,2026-02-23,,,,,0
,Date,CE_Entry_Price,CE_Exit_Price,PE_Entry_Price,PE_Exit_Price,PnL
0,2026-02-23,,,,,0
,Date,CE_Entry_Price,CE_Exit_Price,PE_Entry_Price,PE_Exit_Price,PnL
0,2026-02-23,,,,,0
,Date,CE_Entry_Price,CE_Exit_Price,PE_Entry_Price,PE_Exit_Price,PnL
0,2026-02-23,,,,,0
,Date,CE_Entry_Price,CE_Exit_Price,PE_Entry_Price,PE_Exit_Price,PnL
0,2026-02-23,,,,,0
,Date,CE_Entry_Price,CE_Exit_Price,PE_Entry_Price,PE_Exit_Price,PnL
0,2026-02-23,,,,,0
,Date,CE_Entry_Price,CE_Exit_Price,PE_Entry_Price,PE_Exit_Price,PnL
0,2026-02-23,,,,,0
,Date,CE_Entry_Price,CE_Exit_Price,PE_Entry_Price,PE_Exit_Price,PnL
0,2026-02-23,,,,,0
,Date,CE_Entry_Price,CE_Exit_Price,PE_Entry_Price,PE_Exit_Price,PnL
0,2026-02-23,,,,,0
,Date,CE_Entry_Price,CE_Exit_Price,PE_Entry_Price,PE_Exit_Price,PnL
0,2026-02-23,,,,,0
,Date,CE_Entry_Price,CE_Exit_Price,PE_Entry_Price,PE_Exit_Price,PnL
0,2026-02-23,,,,,0
,Date,CE_Entry_Price,CE_Exit_Price,PE_Entry_Price,PE_Exit_Price,PnL
0,2026-02-23,,,,,0
,Date,CE_Entry_Price,CE_Exit_Price,PE_Entry_Price,PE_Exit_Price,PnL
0,2026-02-23,,,,,0
,Date,CE_Entry_Price,CE_Exit_Price,PE_Entry_Price,PE_Exit_Price,PnL
0,2026-02-23,,,,,0
,Date,CE_Entry_Price,CE_Exit_Price,PE_Entry_Price,PE_Exit_Price,PnL
0,2026-02-23,,,,,0
,Date,CE_Entry_Price,CE_Exit_Price,PE_Entry_Price,PE_Exit_Price,PnL
0,2026-02-23,,,,,0
,Date,CE_Entry_Price,CE_Exit_Price,PE_Entry_Price,PE_Exit_Price,PnL
0,2026-02-23,,,,,0
,Date,CE_Entry_Price,CE_Exit_Price,PE_Entry_Price,PE_Exit_Price,PnL
0,2026-02-23,,,,,0
,Date,CE_Entry_Price,CE_Exit_Price,PE_Entry_Price,PE_Exit_Price,PnL
0,2026-02-23,,,,,0
,Date,CE_Entry_Price,CE_Exit_Price,PE_Entry_Price,PE_Exit_Price,PnL
0,2026-02-23,,,,,0
,Date,CE_Entry_Price,CE_Exit_Price,PE_Entry_Price,PE_Exit_Price,PnL
0,2026-02-23,,,,,0
,Date,CE_Entry_Price,CE_Exit_Price,PE_Entry_Price,PE_Exit_Price,PnL
0,2026-02-23,,,,,0
,Date,CE_Entry_Price,CE_Exit_Price,PE_Entry_Price,PE_Exit_Price,PnL
0,2026-02-23,,,,,0
,Date,CE_Entry_Price,CE_Exit_Price,PE_Entry_Price,PE_Exit_Price,PnL
0,2026-02-23,,,,,0
,Date,CE_Entry_Price,CE_Exit_Price,PE_Entry_Price,PE_Exit_Price,PnL
0,2026-02-23,,,,,0
,Date,CE_Entry_Price,CE_Exit_Price,PE_Entry_Price,PE_Exit_Price,PnL
0,2026-02-23,,,,,0
,Date,CE_Entry_Price,CE_Exit_Price,PE_Entry_Price,PE_Exit_Price,PnL
0,2026-02-23,,,,,0
,Date,CE_Entry_Price,CE_Exit_Price,PE_Entry_Price,PE_Exit_Price,PnL
0,2026-02-23,,,,,0
,Date,CE_Entry_Price,CE_Exit_Price,PE_Entry_Price,PE_Exit_Price,PnL
0,2026-02-23,,,,,0
,Date,CE_Entry_Price,CE_Exit_Price,PE_Entry_Price,PE_Exit_Price,PnL
0,2026-02-23,,,,,0
,Date,CE_Entry_Price,CE_Exit_Price,PE_Entry_Price,PE_Exit_Price,PnL
0,2026-02-23,,,,,0
,Date,CE_Entry_Price,CE_Exit_Price,PE_Entry_Price,PE_Exit_Price,PnL
0,2026-02-23,,,,,0
,Date,CE_Entry_Price,CE_Exit_Price,PE_Entry_Price,PE_Exit_Price,PnL
0,2026-02-23,,,,,0
,Date,CE_Entry_Price,CE_Exit_Price,PE_Entry_Price,PE_Exit_Price,PnL
0,2026-02-23,,,,,0
,Date,CE_Entry_Price,CE_Exit_Price,PE_Entry_Price,PE_Exit_Price,PnL
0,2026-02-23,,,,,0
,Date,CE_Entry_Price,CE_Exit_Price,PE_Entry_Price,PE_Exit_Price,PnL
0,2026-02-23,,,,,0
,Date,CE_Entry_Price,CE_Exit_Price,PE_Entry_Price,PE_Exit_Price,PnL
0,2026-02-23,,,,,0
,Date,CE_Entry_Price,CE_Exit_Price,PE_Entry_Price,PE_Exit_Price,PnL
0,2026-02-23,,,,,0
,Date,CE_Entry_Price,CE_Exit_Price,PE_Entry_Price,PE_Exit_Price,PnL
0,2026-02-23,,,,,0
,Date,CE_Entry_Price,CE_Exit_Price,PE_Entry_Price,PE_Exit_Price,PnL
0,2026-02-23,,,,,0
,Date,CE_Entry_Price,CE_Exit_Price,PE_Entry_Price,PE_Exit_Price,PnL
0,2026-02-23,,,,,0
,Date,CE_Entry_Price,CE_Exit_Price,PE_Entry_Price,PE_Exit_Price,PnL
0,2026-02-23,,,,,0
,Date,CE_Entry_Price,CE_Exit_Price,PE_Entry_Price,PE_Exit_Price,PnL
0,2026-02-23,,,,,0
,Date,CE_Entry_Price,CE_Exit_Price,PE_Entry_Price,PE_Exit_Price,PnL
0,2026-02-23,,,,,0
,Date,CE_Entry_Price,CE_Exit_Price,PE_Entry_Price,PE_Exit_Price,PnL
0,2026-02-23,,,,,0
,Date,CE_Entry_Price,CE_Exit_Price,PE_Entry_Price,PE_Exit_Price,PnL
0,2026-02-23,,,,,0
,Date,CE_Entry_Price,CE_Exit_Price,PE_Entry_Price,PE_Exit_Price,PnL
0,2026-02-24,,,,,0
,Date,CE_Entry_Price,CE_Exit_Price,PE_Entry_Price,PE_Exit_Price,PnL
0,2026-02-24,,,,,0
,Date,CE_Entry_Price,CE_Exit_Price,PE_Entry_Price,PE_Exit_Price,PnL
0,2026-02-24,,,,,0
,Date,CE_Entry_Price,CE_Exit_Price,PE_Entry_Price,PE_Exit_Price,PnL
0,2026-02-24,,,,,0
,Date,CE_Entry_Price,CE_Exit_Price,PE_Entry_Price,PE_Exit_Price,PnL
0,2026-02-24,,,,,0
,Date,CE_Entry_Price,CE_Exit_Price,PE_Entry_Price,PE_Exit_Price,PnL
0,2026-02-24,,,,,0
,Date,CE_Entry_Price,CE_Exit_Price,PE_Entry_Price,PE_Exit_Price,PnL
0,2026-02-24,,,,,0
,Date,CE_Entry_Price,CE_Exit_Price,PE_Entry_Price,PE_Exit_Price,PnL
0,2026-02-24,,,,,0
,Date,CE_Entry_Price,CE_Exit_Price,PE_Entry_Price,PE_Exit_Price,PnL
0,2026-02-24,,,,,0
,Date,CE_Entry_Price,CE_Exit_Price,PE_Entry_Price,PE_Exit_Price,PnL
0,2026-02-24,,,,,0
,Date,CE_Entry_Price,CE_Exit_Price,PE_Entry_Price,PE_Exit_Price,PnL
0,2026-02-24,,,,,0
,Date,CE_Entry_Price,CE_Exit_Price,PE_Entry_Price,PE_Exit_Price,PnL
0,2026-02-24,,,,,0
,Date,CE_Entry_Price,CE_Exit_Price,PE_Entry_Price,PE_Exit_Price,PnL
0,2026-02-24,,,,,0
,Date,CE_Entry_Price,CE_Exit_Price,PE_Entry_Price,PE_Exit_Price,PnL
0,2026-02-24,,,,,0
,Date,CE_Entry_Price,CE_Exit_Price,PE_Entry_Price,PE_Exit_Price,PnL
0,2026-02-24,,,,,0
,Date,CE_Entry_Price,CE_Exit_Price,PE_Entry_Price,PE_Exit_Price,PnL
0,2026-02-24,,,,,0
,Date,CE_Entry_Price,CE_Exit_Price,PE_Entry_Price,PE_Exit_Price,PnL
0,2026-02-24,,,,,0
,Date,CE_Entry_Price,CE_Exit_Price,PE_Entry_Price,PE_Exit_Price,PnL
0,2026-02-24,,,,,0
,Date,CE_Entry_Price,CE_Exit_Price,PE_Entry_Price,PE_Exit_Price,PnL
0,2026-02-24,,,,,0
,Date,CE_Entry_Price,CE_Exit_Price,PE_Entry_Price,PE_Exit_Price,PnL
0,2026-02-24,,,,,0
,Date,CE_Entry_Price,CE_Exit_Price,PE_Entry_Price,PE_Exit_Price,PnL
0,2026-02-24,,,,,0
,Date,CE_Entry_Price,CE_Exit_Price,PE_Entry_Price,PE_Exit_Price,PnL
0,2026-02-24,,,,,0
,Date,CE_Entry_Price,CE_Exit_Price,PE_Entry_Price,PE_Exit_Price,PnL
0,2026-02-24,,,,,0
,Date,CE_Entry_Price,CE_Exit_Price,PE_Entry_Price,PE_Exit_Price,PnL
0,2026-02-24,,,,,0
,Date,CE_Entry_Price,CE_Exit_Price,PE_Entry_Price,PE_Exit_Price,PnL
0,2026-02-24,,,,,0
,Date,CE_Entry_Price,CE_Exit_Price,PE_Entry_Price,PE_Exit_Price,PnL
0,2026-02-24,,,,,0
,Date,CE_Entry_Price,CE_Exit_Price,PE_Entry_Price,PE_Exit_Price,PnL
0,2026-02-24,,,,,0
,Date,CE_Entry_Price,CE_Exit_Price,PE_Entry_Price,PE_Exit_Price,PnL
0,2026-02-24,,,,,0
,Date,CE_Entry_Price,CE_Exit_Price,PE_Entry_Price,PE_Exit_Price,PnL
0,2026-02-24,,,,,0
,Date,CE_Entry_Price,CE_Exit_Price,PE_Entry_Price,PE_Exit_Price,PnL
0,2026-02-24,,,,,0
,Date,CE_Entry_Price,CE_Exit_Price,PE_Entry_Price,PE_Exit_Price,PnL
0,2026-02-24,,,,,0
,Date,CE_Entry_Price,CE_Exit_Price,PE_Entry_Price,PE_Exit_Price,PnL
0,2026-02-24,,,,,0
,Date,CE_Entry_Price,CE_Exit_Price,PE_Entry_Price,PE_Exit_Price,PnL
0,2026-02-24,,,,,0
,Date,CE_Entry_Price,CE_Exit_Price,PE_Entry_Price,PE_Exit_Price,PnL
0,2026-02-24,,,,,0
,Date,CE_Entry_Price,CE_Exit_Price,PE_Entry_Price,PE_Exit_Price,PnL
0,2026-02-24,,,,,0
,Date,CE_Entry_Price,CE_Exit_Price,PE_Entry_Price,PE_Exit_Price,PnL
0,2026-02-24,,,,,0
,Date,CE_Entry_Price,CE_Exit_Price,PE_Entry_Price,PE_Exit_Price,PnL
0,2026-02-24,,,,,0
,Date,CE_Entry_Price,CE_Exit_Price,PE_Entry_Price,PE_Exit_Price,PnL
0,2026-02-24,,,,,0
,Date,CE_Entry_Price,CE_Exit_Price,PE_Entry_Price,PE_Exit_Price,PnL
0,2026-02-24,,,,,0
,Date,CE_Entry_Price,CE_Exit_Price,PE_Entry_Price,PE_Exit_Price,PnL
0,2026-02-24,,,,,0
,Date,CE_Entry_Price,CE_Exit_Price,PE_Entry_Price,PE_Exit_Price,PnL
0,2026-02-24,,,,,0
,Date,CE_Entry_Price,CE_Exit_Price,PE_Entry_Price,PE_Exit_Price,PnL
0,2026-02-24,,,,,0
,Date,CE_Entry_Price,CE_Exit_Price,PE_Entry_Price,PE_Exit_Price,PnL
0,2026-02-24,,,,,0
,Date,CE_Entry_Price,CE_Exit_Price,PE_Entry_Price,PE_Exit_Price,PnL
0,2026-02-24,,,,,0
,Date,CE_Entry_Price,CE_Exit_Price,PE_Entry_Price,PE_Exit_Price,PnL
0,2026-02-24,,,,,0
,Date,CE_Entry_Price,CE_Exit_Price,PE_Entry_Price,PE_Exit_Price,PnL
0,2026-02-24,,,,,0
,Date,CE_Entry_Price,CE_Exit_Price,PE_Entry_Price,PE_Exit_Price,PnL
0,2026-02-24,,,,,0
,Date,CE_Entry_Price,CE_Exit_Price,PE_Entry_Price,PE_Exit_Price,PnL
0,2026-02-24,,,,,0
,Date,CE_Entry_Price,CE_Exit_Price,PE_Entry_Price,PE_Exit_Price,PnL
0,2026-02-24,,,,,0
,Date,CE_Entry_Price,CE_Exit_Price,PE_Entry_Price,PE_Exit_Price,PnL
0,2026-02-24,,,,,0
,Date,CE_Entry_Price,CE_Exit_Price,PE_Entry_Price,PE_Exit_Price,PnL
0,2026-02-24,,,,,0
,Date,CE_Entry_Price,CE_Exit_Price,PE_Entry_Price,PE_Exit_Price,PnL
0,2026-02-24,,,,,0
,Date,CE_Entry_Price,CE_Exit_Price,PE_Entry_Price,PE_Exit_Price,PnL
0,2026-02-24,,,,,0
,Date,CE_Entry_Price,CE_Exit_Price,PE_Entry_Price,PE_Exit_Price,PnL
0,2026-02-24,,,,,0
,Date,CE_Entry_Price,CE_Exit_Price,PE_Entry_Price,PE_Exit_Price,PnL
0,2026-02-24,,,,,0
,Date,CE_Entry_Price,CE_Exit_Price,PE_Entry_Price,PE_Exit_Price,PnL
0,2026-02-24,,,,,0
,Date,CE_Entry_Price,CE_Exit_Price,PE_Entry_Price,PE_Exit_Price,PnL
0,2026-02-25,,,,,0
,Date,CE_Entry_Price,CE_Exit_Price,PE_Entry_Price,PE_Exit_Price,PnL
0,2026-02-25,,,,,0
,Date,CE_Entry_Price,CE_Exit_Price,PE_Entry_Price,PE_Exit_Price,PnL
0,2026-02-25,,,,,0
,Date,CE_Entry_Price,CE_Exit_Price,PE_Entry_Price,PE_Exit_Price,PnL
0,2026-02-25,,,,,0
,Date,CE_Entry_Price,CE_Exit_Price,PE_Entry_Price,PE_Exit_Price,PnL
0,2026-02-25,,,,,0
,Date,CE_Entry_Price,CE_Exit_Price,PE_Entry_Price,PE_Exit_Price,PnL
0,2026-02-25,,,,,0
,Date,CE_Entry_Price,CE_Exit_Price,PE_Entry_Price,PE_Exit_Price,PnL
0,2026-02-25,,,,,0
,Date,CE_Entry_Price,CE_Exit_Price,PE_Entry_Price,PE_Exit_Price,PnL
0,2026-02-25,,,,,0
,Date,CE_Entry_Price,CE_Exit_Price,PE_Entry_Price,PE_Exit_Price,PnL
0,2026-02-25,,,,,0
,Date,CE_Entry_Price,CE_Exit_Price,PE_Entry_Price,PE_Exit_Price,PnL
0,2026-02-25,,,,,0
,Date,CE_Entry_Price,CE_Exit_Price,PE_Entry_Price,PE_Exit_Price,PnL
0,2026-02-26,,,,,0
,Date,CE_Entry_Price,CE_Exit_Price,PE_Entry_Price,PE_Exit_Price,PnL
0,2026-02-26,,,,,0
,Date,CE_Entry_Price,CE_Exit_Price,PE_Entry_Price,PE_Exit_Price,PnL
0,2026-02-26,,,,,0
,Date,CE_Entry_Price,CE_Exit_Price,PE_Entry_Price,PE_Exit_Price,PnL
0,2026-02-26,,,,,0
,Date,CE_Entry_Price,CE_Exit_Price,PE_Entry_Price,PE_Exit_Price,PnL
0,2026-02-26,,,,,0
,Date,CE_Entry_Price,CE_Exit_Price,PE_Entry_Price,PE_Exit_Price,PnL
0,2026-02-26,,,,,0
,Date,CE_Entry_Price,CE_Exit_Price,PE_Entry_Price,PE_Exit_Price,PnL
0,2026-02-26,,,,,0
,Date,CE_Entry_Price,CE_Exit_Price,PE_Entry_Price,PE_Exit_Price,PnL
0,2026-02-26,,,,,0
,Date,CE_Entry_Price,CE_Exit_Price,PE_Entry_Price,PE_Exit_Price,PnL
0,2026-02-26,,,,,0
,Date,CE_Entry_Price,CE_Exit_Price,PE_Entry_Price,PE_Exit_Price,PnL
0,2026-02-26,,,,,0
,Date,CE_Entry_Price,CE_Exit_Price,PE_Entry_Price,PE_Exit_Price,PnL
0,2026-02-26,,,,,0
,Date,CE_Entry_Price,CE_Exit_Price,PE_Entry_Price,PE_Exit_Price,PnL
0,2026-02-26,,,,,0
,Date,CE_Entry_Price,CE_Exit_Price,PE_Entry_Price,PE_Exit_Price,PnL
0,2026-02-26,,,,,0
,Date,CE_Entry_Price,CE_Exit_Price,PE_Entry_Price,PE_Exit_Price,PnL
0,2026-02-26,,,,,0
,Date,CE_Entry_Price,CE_Exit_Price,PE_Entry_Price,PE_Exit_Price,PnL
0,2026-02-26,,,,,0
,Date,CE_Entry_Price,CE_Exit_Price,PE_Entry_Price,PE_Exit_Price,PnL
0,2026-02-26,,,,,0
,Date,CE_Entry_Price,CE_Exit_Price,PE_Entry_Price,PE_Exit_Price,PnL
0,2026-02-26,,,,,0
,Date,CE_Entry_Price,CE_Exit_Price,PE_Entry_Price,PE_Exit_Price,PnL
0,2026-02-26,,,,,0
,Date,CE_Entry_Price,CE_Exit_Price,PE_Entry_Price,PE_Exit_Price,PnL
0,2026-02-26,,,,,0
,Date,CE_Entry_Price,CE_Exit_Price,PE_Entry_Price,PE_Exit_Price,PnL
0,2026-02-27,,,,,0
,Date,CE_Entry_Price,CE_Exit_Price,PE_Entry_Price,PE_Exit_Price,PnL
0,2026-02-27,,,,,0
,Date,CE_Entry_Price,CE_Exit_Price,PE_Entry_Price,PE_Exit_Price,PnL
0,2026-02-27,,,,,0
,Date,CE_Entry_Price,CE_Exit_Price,PE_Entry_Price,PE_Exit_Price,PnL
0,2026-02-27,,,,,0
,Date,CE_Entry_Price,CE_Exit_Price,PE_Entry_Price,PE_Exit_Price,PnL
0,2026-02-27,,,,,0
,Date,CE_Entry_Price,CE_Exit_Price,PE_Entry_Price,PE_Exit_Price,PnL
0,2026-02-27,,,,,0
,Date,CE_Entry_Price,CE_Exit_Price,PE_Entry_Price,PE_Exit_Price,PnL
0,2026-02-27,,,,,0
,Date,CE_Entry_Price,CE_Exit_Price,PE_Entry_Price,PE_Exit_Price,PnL
0,2026-02-27,,,,,0
,Date,CE_Entry_Price,CE_Exit_Price,PE_Entry_Price,PE_Exit_Price,PnL
0,2026-02-27,,,,,0
,Date,CE_Entry_Price,CE_Exit_Price,PE_Entry_Price,PE_Exit_Price,PnL
0,2026-02-27,,,,,0
,Date,CE_Entry_Price,CE_Exit_Price,PE_Entry_Price,PE_Exit_Price,PnL
0,2026-02-28,,,,,0
,Date,CE_Entry_Price,CE_Exit_Price,PE_Entry_Price,PE_Exit_Price,PnL
0,2026-02-28,,,,,0
,Date,CE_Entry_Price,CE_Exit_Price,PE_Entry_Price,PE_Exit_Price,PnL
0,2026-02-28,,,,,0
,Date,CE_Entry_Price,CE_Exit_Price,PE_Entry_Price,PE_Exit_Price,PnL
0,2026-02-28,,,,,0
,Date,CE_Entry_Price,CE_Exit_Price,PE_Entry_Price,PE_Exit_Price,PnL
0,2026-02-28,,,,,0
,Date,CE_Entry_Price,CE_Exit_Price,PE_Entry_Price,PE_Exit_Price,PnL
0,2026-02-28,,,,,0
,Date,CE_Entry_Price,CE_Exit_Price,PE_Entry_Price,PE_Exit_Price,PnL
0,2026-02-28,,,,,0
,Date,CE_Entry_Price,CE_Exit_Price,PE_Entry_Price,PE_Exit_Price,PnL
0,2026-02-28,,,,,0
,Date,CE_Entry_Price,CE_Exit_Price,PE_Entry_Price,PE_Exit_Price,PnL
0,2026-02-28,,,,,0
,Date,CE_Entry_Price,CE_Exit_Price,PE_Entry_Price,PE_Exit_Price,PnL
0,2026-02-28,,,,,0
,Date,CE_Entry_Price,CE_Exit_Price,PE_Entry_Price,PE_Exit_Price,PnL
0,2026-02-28,,,,,0
,Date,CE_Entry_Price,CE_Exit_Price,PE_Entry_Price,PE_Exit_Price,PnL
0,2026-02-28,,,,,0
,Date,CE_Entry_Price,CE_Exit_Price,PE_Entry_Price,PE_Exit_Price,PnL
0,2026-02-28,,,,,0
,Date,CE_Entry_Price,CE_Exit_Price,PE_Entry_Price,PE_Exit_Price,PnL
0,2026-02-28,,,,,0
,Date,CE_Entry_Price,CE_Exit_Price,PE_Entry_Price,PE_Exit_Price,PnL
0,2026-02-28,,,,,0
,Date,CE_Entry_Price,CE_Exit_Price,PE_Entry_Price,PE_Exit_Price,PnL
0,2026-02-28,,,,,0
,Date,CE_Entry_Price,CE_Exit_Price,PE_Entry_Price,PE_Exit_Price,PnL
0,2026-02-28,,,,,0
,Date,CE_Entry_Price,CE_Exit_Price,PE_Entry_Price,PE_Exit_Price,PnL
0,2026-02-28,,,,,0
,Date,CE_Entry_Price,CE_Exit_Price,PE_Entry_Price,PE_Exit_Price,PnL
0,2026-02-28,,,,,0
,Date,CE_Entry_Price,CE_Exit_Price,PE_Entry_Price,PE_Exit_Price,PnL
0,2026-02-28,,,,,0
,Date,CE_Entry_Price,CE_Exit_Price,PE_Entry_Price,PE_Exit_Price,PnL
0,2026-02-28,,,,,0
,Date,CE_Entry_Price,CE_Exit_Price,PE_Entry_Price,PE_Exit_Price,PnL
0,2026-02-28,,,,,0
,Date,CE_Entry_Price,CE_Exit_Price,PE_Entry_Price,PE_Exit_Price,PnL
0,2026-02-28,,,,,0
,Date,CE_Entry_Price,CE_Exit_Price,PE_Entry_Price,PE_Exit_Price,PnL
0,2026-02-28,,,,,0
,Date,CE_Entry_Price,CE_Exit_Price,PE_Entry_Price,PE_Exit_Price,PnL
0,2026-02-28,,,,,0
,Date,CE_Entry_Price,CE_Exit_Price,PE_Entry_Price,PE_Exit_Price,PnL
0,2026-02-28,,,,,0
,Date,CE_Entry_Price,CE_Exit_Price,PE_Entry_Price,PE_Exit_Price,PnL
0,2026-03-02,,,,,0
,Date,CE_Entry_Price,CE_Exit_Price,PE_Entry_Price,PE_Exit_Price,PnL
0,2026-03-02,,,,,0
,Date,CE_Entry_Price,CE_Exit_Price,PE_Entry_Price,PE_Exit_Price,PnL
0,2026-03-02,,,,,0
,Date,CE_Entry_Price,CE_Exit_Price,PE_Entry_Price,PE_Exit_Price,PnL
0,2026-03-02,,,,,0
,Date,CE_Entry_Price,CE_Exit_Price,PE_Entry_Price,PE_Exit_Price,PnL
0,2026-03-02,,,,,0
,Date,CE_Entry_Price,CE_Exit_Price,PE_Entry_Price,PE_Exit_Price,PnL
0,2026-03-02,,,,,0
,Date,CE_Entry_Price,CE_Exit_Price,PE_Entry_Price,PE_Exit_Price,PnL
0,2026-03-02,,,,,0
,Date,CE_Entry_Price,CE_Exit_Price,PE_Entry_Price,PE_Exit_Price,PnL
0,2026-03-02,,,,,0
,Date,CE_Entry_Price,CE_Exit_Price,PE_Entry_Price,PE_Exit_Price,PnL
0,2026-03-02,,,,,0
,Date,CE_Entry_Price,CE_Exit_Price,PE_Entry_Price,PE_Exit_Price,PnL
0,2026-03-02,,,,,0
,Date,CE_Entry_Price,CE_Exit_Price,PE_Entry_Price,PE_Exit_Price,PnL
0,2026-03-02,,,,,0
,Date,CE_Entry_Price,CE_Exit_Price,PE_Entry_Price,PE_Exit_Price,PnL
0,2026-03-02,,,,,0
,Date,CE_Entry_Price,CE_Exit_Price,PE_Entry_Price,PE_Exit_Price,PnL
0,2026-03-02,,,,,0
,Date,CE_Entry_Price,CE_Exit_Price,PE_Entry_Price,PE_Exit_Price,PnL
0,2026-03-02,,,,,0
,Date,CE_Entry_Price,CE_Exit_Price,PE_Entry_Price,PE_Exit_Price,PnL
0,2026-03-02,,,,,0
,Date,CE_Entry_Price,CE_Exit_Price,PE_Entry_Price,PE_Exit_Price,PnL
0,2026-03-02,,,,,0
,Date,CE_Entry_Price,CE_Exit_Price,PE_Entry_Price,PE_Exit_Price,PnL
0,2026-03-02,,,,,0
,Date,CE_Entry_Price,CE_Exit_Price,PE_Entry_Price,PE_Exit_Price,PnL
0,2026-03-03,,,,,0
,Date,CE_Entry_Price,CE_Exit_Price,PE_Entry_Price,PE_Exit_Price,PnL
0,2026-03-03,,,,,0
,Date,CE_Entry_Price,CE_Exit_Price,PE_Entry_Price,PE_Exit_Price,PnL
0,2026-03-03,,,,,0
,Date,CE_Entry_Price,CE_Exit_Price,PE_Entry_Price,PE_Exit_Price,PnL
0,2026-03-03,,,,,0
,Date,CE_Entry_Price,CE_Exit_Price,PE_Entry_Price,PE_Exit_Price,PnL
0,2026-03-03,,,,,0
,Date,CE_Entry_Price,CE_Exit_Price,PE_Entry_Price,PE_Exit_Price,PnL
0,2026-03-03,,,,,0
,Date,CE_Entry_Price,CE_Exit_Price,PE_Entry_Price,PE_Exit_Price,PnL
0,2026-03-03,,,,,0
,Date,CE_Entry_Price,CE_Exit_Price,PE_Entry_Price,PE_Exit_Price,PnL
0,2026-03-03,,,,,0
,Date,CE_Entry_Price,CE_Exit_Price,PE_Entry_Price,PE_Exit_Price,PnL
0,2026-03-03,,,,,0
,Date,CE_Entry_Price,CE_Exit_Price,PE_Entry_Price,PE_Exit_Price,PnL
0,2026-03-03,,,,,0
,Date,CE_Entry_Price,CE_Exit_Price,PE_Entry_Price,PE_Exit_Price,PnL
0,2026-03-03,,,,,0
,Date,CE_Entry_Price,CE_Exit_Price,PE_Entry_Price,PE_Exit_Price,PnL
0,2026-03-03,,,,,0
,Date,CE_Entry_Price,CE_Exit_Price,PE_Entry_Price,PE_Exit_Price,PnL
0,2026-03-03,,,,,0
,Date,CE_Entry_Price,CE_Exit_Price,PE_Entry_Price,PE_Exit_Price,PnL
0,2026-03-03,,,,,0
,Date,CE_Entry_Price,CE_Exit_Price,PE_Entry_Price,PE_Exit_Price,PnL
0,2026-03-03,,,,,0
,Date,CE_Entry_Price,CE_Exit_Price,PE_Entry_Price,PE_Exit_Price,PnL
0,2026-03-03,,,,,0
,Date,CE_Entry_Price,CE_Exit_Price,PE_Entry_Price,PE_Exit_Price,PnL
0,2026-03-03,,,,,0
,Date,CE_Entry_Price,CE_Exit_Price,PE_Entry_Price,PE_Exit_Price,PnL
0,2026-03-03,,,,,0
,Date,CE_Entry_Price,CE_Exit_Price,PE_Entry_Price,PE_Exit_Price,PnL
0,2026-03-03,,,,,0
,Date,CE_Entry_Price,CE_Exit_Price,PE_Entry_Price,PE_Exit_Price,PnL
0,2026-03-03,,,,,0
,Date,CE_Entry_Price,CE_Exit_Price,PE_Entry_Price,PE_Exit_Price,PnL
0,2026-03-03,,,,,0
,Date,CE_Entry_Price,CE_Exit_Price,PE_Entry_Price,PE_Exit_Price,PnL
0,2026-03-03,,,,,0
,Date,CE_Entry_Price,CE_Exit_Price,PE_Entry_Price,PE_Exit_Price,PnL
0,2026-03-03,,,,,0
,Date,CE_Entry_Price,CE_Exit_Price,PE_Entry_Price,PE_Exit_Price,PnL
0,2026-03-03,,,,,0
,Date,CE_Entry_Price,CE_Exit_Price,PE_Entry_Price,PE_Exit_Price,PnL
0,2026-03-03,,,,,0
,Date,CE_Entry_Price,CE_Exit_Price,PE_Entry_Price,PE_Exit_Price,PnL
0,2026-03-03,,,,,0
,Date,CE_Entry_Price,CE_Exit_Price,PE_Entry_Price,PE_Exit_Price,PnL
0,2026-03-03,,,,,0
,Date,CE_Entry_Price,CE_Exit_Price,PE_Entry_Price,PE_Exit_Price,PnL
0,2026-03-03,,,,,0
,Date,CE_Entry_Price,CE_Exit_Price,PE_Entry_Price,PE_Exit_Price,PnL
0,2026-03-03,,,,,0
,Date,CE_Entry_Price,CE_Exit_Price,PE_Entry_Price,PE_Exit_Price,PnL
0,2026-03-03,,,,,0
,Date,CE_Entry_Price,CE_Exit_Price,PE_Entry_Price,PE_Exit_Price,PnL
0,2026-03-03,,,,,0
,Date,CE_Entry_Price,CE_Exit_Price,PE_Entry_Price,PE_Exit_Price,PnL
0,2026-03-03,,,,,0
,Date,CE_Entry_Price,CE_Exit_Price,PE_Entry_Price,PE_Exit_Price,PnL
0,2026-03-03,,,,,0
,Date,CE_Entry_Price,CE_Exit_Price,PE_Entry_Price,PE_Exit_Price,PnL
0,2026-03-03,,,,,0
,Date,CE_Entry_Price,CE_Exit_Price,PE_Entry_Price,PE_Exit_Price,PnL
0,2026-03-03,,,,,0
,Date,CE_Entry_Price,CE_Exit_Price,PE_Entry_Price,PE_Exit_Price,PnL
0,2026-03-03,,,,,0
,Date,CE_Entry_Price,CE_Exit_Price,PE_Entry_Price,PE_Exit_Price,PnL
0,2026-03-03,,,,,0
,Date,CE_Entry_Price,CE_Exit_Price,PE_Entry_Price,PE_Exit_Price,PnL
0,2026-03-03,,,,,0
,Date,CE_Entry_Price,CE_Exit_Price,PE_Entry_Price,PE_Exit_Price,PnL
0,2026-03-03,,,,,0
,Date,CE_Entry_Price,CE_Exit_Price,PE_Entry_Price,PE_Exit_Price,PnL
0,2026-03-03,,,,,0
,Date,CE_Entry_Price,CE_Exit_Price,PE_Entry_Price,PE_Exit_Price,PnL
0,2026-03-03,,,,,0
,Date,CE_Entry_Price,CE_Exit_Price,PE_Entry_Price,PE_Exit_Price,PnL
0,2026-03-03,,,,,0
,Date,CE_Entry_Price,CE_Exit_Price,PE_Entry_Price,PE_Exit_Price,PnL
0,2026-03-03,,,,,0
,Date,CE_Entry_Price,CE_Exit_Price,PE_Entry_Price,PE_Exit_Price,PnL
0,2026-03-03,,,,,0
,Date,CE_Entry_Price,CE_Exit_Price,PE_Entry_Price,PE_Exit_Price,PnL
0,2026-03-03,,,,,0
,Date,CE_Entry_Price,CE_Exit_Price,PE_Entry_Price,PE_Exit_Price,PnL
0,2026-03-03,,,,,0
,Date,CE_Entry_Price,CE_Exit_Price,PE_Entry_Price,PE_Exit_Price,PnL
0,2026-03-03,,,,,0
,Date,CE_Entry_Price,CE_Exit_Price,PE_Entry_Price,PE_Exit_Price,PnL
0,2026-03-03,,,,,0
,Date,CE_Entry_Price,CE_Exit_Price,PE_Entry_Price,PE_Exit_Price,PnL
0,2026-03-03,,,,,0
,Date,CE_Entry_Price,CE_Exit_Price,PE_Entry_Price,PE_Exit_Price,PnL
0,2026-03-03,,,,,0
,Date,CE_Entry_Price,CE_Exit_Price,PE_Entry_Price,PE_Exit_Price,PnL
0,2026-03-03,,,,,0
,Date,CE_Entry_Price,CE_Exit_Price,PE_Entry_Price,PE_Exit_Price,PnL
0,2026-03-03,,,,,0
,Date,CE_Entry_Price,CE_Exit_Price,PE_Entry_Price,PE_Exit_Price,PnL
0,2026-03-03,,,,,0
,Date,CE_Entry_Price,CE_Exit_Price,PE_Entry_Price,PE_Exit_Price,PnL
0,2026-03-03,,,,,0
,Date,CE_Entry_Price,CE_Exit_Price,PE_Entry_Price,PE_Exit_Price,PnL
0,2026-03-03,,,,,0
,Date,CE_Entry_Price,CE_Exit_Price,PE_Entry_Price,PE_Exit_Price,PnL
0,2026-03-03,,,,,0
,Date,CE_Entry_Price,CE_Exit_Price,PE_Entry_Price,PE_Exit_Price,PnL
0,2026-03-03,,,,,0
,Date,CE_Entry_Price,CE_Exit_Price,PE_Entry_Price,PE_Exit_Price,PnL
0,2026-03-03,,,,,0
,Date,CE_Entry_Price,CE_Exit_Price,PE_Entry_Price,PE_Exit_Price,PnL
0,2026-03-03,,,,,0
,Date,CE_Entry_Price,CE_Exit_Price,PE_Entry_Price,PE_Exit_Price,PnL
0,2026-03-03,,,,,0
,Date,CE_Entry_Price,CE_Exit_Price,PE_Entry_Price,PE_Exit_Price,PnL
0,2026-03-03,,,,,0
,Date,CE_Entry_Price,CE_Exit_Price,PE_Entry_Price,PE_Exit_Price,PnL
0,2026-03-03,,,,,0
,Date,CE_Entry_Price,CE_Exit_Price,PE_Entry_Price,PE_Exit_Price,PnL
0,2026-03-03,,,,,0
,Date,CE_Entry_Price,CE_Exit_Price,PE_Entry_Price,PE_Exit_Price,PnL
0,2026-03-03,,,,,0
,Date,CE_Entry_Price,CE_Exit_Price,PE_Entry_Price,PE_Exit_Price,PnL
0,2026-03-03,,,,,0
,Date,CE_Entry_Price,CE_Exit_Price,PE_Entry_Price,PE_Exit_Price,PnL
0,2026-03-03,,,,,0
,Date,CE_Entry_Price,CE_Exit_Price,PE_Entry_Price,PE_Exit_Price,PnL
0,2026-03-03,,,,,0
,Date,CE_Entry_Price,CE_Exit_Price,PE_Entry_Price,PE_Exit_Price,PnL
0,2026-03-03,,,,,0
,Date,CE_Entry_Price,CE_Exit_Price,PE_Entry_Price,PE_Exit_Price,PnL
0,2026-03-05,,,,,0
,Date,CE_Entry_Price,CE_Exit_Price,PE_Entry_Price,PE_Exit_Price,PnL
0,2026-03-05,,,,,0
,Date,CE_Entry_Price,CE_Exit_Price,PE_Entry_Price,PE_Exit_Price,PnL
0,2026-03-05,,,,,0
,Date,CE_Entry_Price,CE_Exit_Price,PE_Entry_Price,PE_Exit_Price,PnL
0,2026-03-05,,,,,0
,Date,CE_Entry_Price,CE_Exit_Price,PE_Entry_Price,PE_Exit_Price,PnL
0,2026-03-05,,,,,0
,Date,CE_Entry_Price,CE_Exit_Price,PE_Entry_Price,PE_Exit_Price,PnL
0,2026-03-05,,,,,0
,Date,CE_Entry_Price,CE_Exit_Price,PE_Entry_Price,PE_Exit_Price,PnL
0,2026-03-05,,,,,0
,Date,CE_Entry_Price,CE_Exit_Price,PE_Entry_Price,PE_Exit_Price,PnL
0,2026-03-05,,,,,0
,Date,CE_Entry_Price,CE_Exit_Price,PE_Entry_Price,PE_Exit_Price,PnL
0,2026-03-05,,,,,0
,Date,CE_Entry_Price,CE_Exit_Price,PE_Entry_Price,PE_Exit_Price,PnL
0,2026-03-05,,,,,0
,Date,CE_Entry_Price,CE_Exit_Price,PE_Entry_Price,PE_Exit_Price,PnL
0,2026-03-05,,,,,0
,Date,CE_Entry_Price,CE_Exit_Price,PE_Entry_Price,PE_Exit_Price,PnL
0,2026-03-05,,,,,0
,Date,CE_Entry_Price,CE_Exit_Price,PE_Entry_Price,PE_Exit_Price,PnL
0,2026-03-05,,,,,0
,Date,CE_Entry_Price,CE_Exit_Price,PE_Entry_Price,PE_Exit_Price,PnL
0,2026-03-05,,,,,0
,Date,CE_Entry_Price,CE_Exit_Price,PE_Entry_Price,PE_Exit_Price,PnL
0,2026-03-05,,,,,0
,Date,CE_Entry_Price,CE_Exit_Price,PE_Entry_Price,PE_Exit_Price,PnL
0,2026-03-05,,,,,0
,Date,CE_Entry_Price,CE_Exit_Price,PE_Entry_Price,PE_Exit_Price,PnL
0,2026-03-05,,,,,0
,Date,CE_Entry_Price,CE_Exit_Price,PE_Entry_Price,PE_Exit_Price,PnL
0,2026-03-05,,,,,0
,Date,CE_Entry_Price,CE_Exit_Price,PE_Entry_Price,PE_Exit_Price,PnL
0,2026-03-05,,,,,0
,Date,CE_Entry_Price,CE_Exit_Price,PE_Entry_Price,PE_Exit_Price,PnL
0,2026-03-05,,,,,0
,Date,CE_Entry_Price,CE_Exit_Price,PE_Entry_Price,PE_Exit_Price,PnL
0,2026-03-05,,,,,0
,Date,CE_Entry_Price,CE_Exit_Price,PE_Entry_Price,PE_Exit_Price,PnL
0,2026-03-05,,,,,0
,Date,CE_Entry_Price,CE_Exit_Price,PE_Entry_Price,PE_Exit_Price,PnL
0,2026-03-05,,,,,0
,Date,CE_Entry_Price,CE_Exit_Price,PE_Entry_Price,PE_Exit_Price,PnL
0,2026-03-05,,,,,0
,Date,CE_Entry_Price,CE_Exit_Price,PE_Entry_Price,PE_Exit_Price,PnL
0,2026-03-05,,,,,0
,Date,CE_Entry_Price,CE_Exit_Price,PE_Entry_Price,PE_Exit_Price,PnL
0,2026-03-05,,,,,0
,Date,CE_Entry_Price,CE_Exit_Price,PE_Entry_Price,PE_Exit_Price,PnL
0,2026-03-05,,,,,0
,Date,CE_Entry_Price,CE_Exit_Price,PE_Entry_Price,PE_Exit_Price,PnL
0,2026-03-05,,,,,0
,Date,CE_Entry_Price,CE_Exit_Price,PE_Entry_Price,PE_Exit_Price,PnL
0,2026-03-05,,,,,0
,Date,CE_Entry_Price,CE_Exit_Price,PE_Entry_Price,PE_Exit_Price,PnL
0,2026-03-05,,,,,0
,Date,CE_Entry_Price,CE_Exit_Price,PE_Entry_Price,PE_Exit_Price,PnL
0,2026-03-05,,,,,0
,Date,CE_Entry_Price,CE_Exit_Price,PE_Entry_Price,PE_Exit_Price,PnL
0,2026-03-05,,,,,0
,Date,CE_Entry_Price,CE_Exit_Price,PE_Entry_Price,PE_Exit_Price,PnL
0,2026-03-05,,,,,0
,Date,CE_Entry_Price,CE_Exit_Price,PE_Entry_Price,PE_Exit_Price,PnL
0,2026-03-05,,,,,0
,Date,CE_Entry_Price,CE_Exit_Price,PE_Entry_Price,PE_Exit_Price,PnL
0,2026-03-05,,,,,0
,Date,CE_Entry_Price,CE_Exit_Price,PE_Entry_Price,PE_Exit_Price,PnL
0,2026-03-05,,,,,0
,Date,CE_Entry_Price,CE_Exit_Price,PE_Entry_Price,PE_Exit_Price,PnL
0,2026-03-05,,,,,0
,Date,CE_Entry_Price,CE_Exit_Price,PE_Entry_Price,PE_Exit_Price,PnL
0,2026-03-05,,,,,0
,Date,CE_Entry_Price,CE_Exit_Price,PE_Entry_Price,PE_Exit_Price,PnL
0,2026-03-05,,,,,0
,Date,CE_Entry_Price,CE_Exit_Price,PE_Entry_Price,PE_Exit_Price,PnL
0,2026-03-05,,,,,0
,Date,CE_Entry_Price,CE_Exit_Price,PE_Entry_Price,PE_Exit_Price,PnL
0,2026-03-05,,,,,0
,Date,CE_Entry_Price,CE_Exit_Price,PE_Entry_Price,PE_Exit_Price,PnL
0,2026-03-05,,,,,0
,Date,CE_Entry_Price,CE_Exit_Price,PE_Entry_Price,PE_Exit_Price,PnL
0,2026-03-05,,,,,0
,Date,CE_Entry_Price,CE_Exit_Price,PE_Entry_Price,PE_Exit_Price,PnL
0,2026-03-05,,,,,0
,Date,CE_Entry_Price,CE_Exit_Price,PE_Entry_Price,PE_Exit_Price,PnL
0,2026-03-05,,,,,0
,Date,CE_Entry_Price,CE_Exit_Price,PE_Entry_Price,PE_Exit_Price,PnL
0,2026-03-05,,,,,0
,Date,CE_Entry_Price,CE_Exit_Price,PE_Entry_Price,PE_Exit_Price,PnL
0,2026-03-05,,,,,0
,Date,CE_Entry_Price,CE_Exit_Price,PE_Entry_Price,PE_Exit_Price,PnL
0,2026-03-05,,,,,0
,Date,CE_Entry_Price,CE_Exit_Price,PE_Entry_Price,PE_Exit_Price,PnL
0,2026-03-05,,,,,0
,Date,CE_Entry_Price,CE_Exit_Price,PE_Entry_Price,PE_Exit_Price,PnL
0,2026-03-05,,,,,0
,Date,CE_Entry_Price,CE_Exit_Price,PE_Entry_Price,PE_Exit_Price,PnL
0,2026-03-05,,,,,0
,Date,CE_Entry_Price,CE_Exit_Price,PE_Entry_Price,PE_Exit_Price,PnL
0,2026-03-05,,,,,0
,Date,CE_Entry_Price,CE_Exit_Price,PE_Entry_Price,PE_Exit_Price,PnL
0,2026-03-05,,,,,0
,Date,CE_Entry_Price,CE_Exit_Price,PE_Entry_Price,PE_Exit_Price,PnL
0,2026-03-05,,,,,0
,Date,CE_Entry_Price,CE_Exit_Price,PE_Entry_Price,PE_Exit_Price,PnL
0,2026-03-05,,,,,0
,Date,CE_Entry_Price,CE_Exit_Price,PE_Entry_Price,PE_Exit_Price,PnL
0,2026-03-05,,,,,0
,Date,CE_Entry_Price,CE_Exit_Price,PE_Entry_Price,PE_Exit_Price,PnL
0,2026-03-05,,,,,0
,Date,CE_Entry_Price,CE_Exit_Price,PE_Entry_Price,PE_Exit_Price,PnL
0,2026-03-05,,,,,0
,Date,CE_Entry_Price,CE_Exit_Price,PE_Entry_Price,PE_Exit_Price,PnL
0,2026-03-05,,,,,0
,Date,CE_Entry_Price,CE_Exit_Price,PE_Entry_Price,PE_Exit_Price,PnL
0,2026-03-05,,,,,0
,Date,CE_Entry_Price,CE_Exit_Price,PE_Entry_Price,PE_Exit_Price,PnL
0,2026-03-05,,,,,0
,Date,CE_Entry_Price,CE_Exit_Price,PE_Entry_Price,PE_Exit_Price,PnL
0,2026-03-05,,,,,0
,Date,CE_Entry_Price,CE_Exit_Price,PE_Entry_Price,PE_Exit_Price,PnL
0,2026-03-05,,,,,0
,Date,CE_Entry_Price,CE_Exit_Price,PE_Entry_Price,PE_Exit_Price,PnL
0,2026-03-05,,,,,0
,Date,CE_Entry_Price,CE_Exit_Price,PE_Entry_Price,PE_Exit_Price,PnL
0,2026-03-05,,,,,0
,Date,CE_Entry_Price,CE_Exit_Price,PE_Entry_Price,PE_Exit_Price,PnL
0,2026-03-05,,,,,0
,Date,CE_Entry_Price,CE_Exit_Price,PE_Entry_Price,PE_Exit_Price,PnL
0,2026-03-05,,,,,0
,Date,CE_Entry_Price,CE_Exit_Price,PE_Entry_Price,PE_Exit_Price,PnL
0,2026-03-05,,,,,0
,Date,CE_Entry_Price,CE_Exit_Price,PE_Entry_Price,PE_Exit_Price,PnL
0,2026-03-05,,,,,0
,Date,CE_Entry_Price,CE_Exit_Price,PE_Entry_Price,PE_Exit_Price,PnL
0,2026-03-05,,,,,0
,Date,CE_Entry_Price,CE_Exit_Price,PE_Entry_Price,PE_Exit_Price,PnL
0,2026-03-05,,,,,0
,Date,CE_Entry_Price,CE_Exit_Price,PE_Entry_Price,PE_Exit_Price,PnL
0,2026-03-05,,,,,0
,Date,CE_Entry_Price,CE_Exit_Price,PE_Entry_Price,PE_Exit_Price,PnL
0,2026-03-05,,,,,0
,Date,CE_Entry_Price,CE_Exit_Price,PE_Entry_Price,PE_Exit_Price,PnL
0,2026-03-05,,,,,0
,Date,CE_Entry_Price,CE_Exit_Price,PE_Entry_Price,PE_Exit_Price,PnL
0,2026-03-05,,,,,0
,Date,CE_Entry_Price,CE_Exit_Price,PE_Entry_Price,PE_Exit_Price,PnL
0,2026-03-05,,,,,0
,Date,CE_Entry_Price,CE_Exit_Price,PE_Entry_Price,PE_Exit_Price,PnL
0,2026-03-05,,,,,0
,Date,CE_Entry_Price,CE_Exit_Price,PE_Entry_Price,PE_Exit_Price,PnL
0,2026-03-05,,,,,0
,Date,CE_Entry_Price,CE_Exit_Price,PE_Entry_Price,PE_Exit_Price,PnL
0,2026-03-05,,,,,0
,Date,CE_Entry_Price,CE_Exit_Price,PE_Entry_Price,PE_Exit_Price,PnL
0,2026-03-05,,,,,0
,Date,CE_Entry_Price,CE_Exit_Price,PE_Entry_Price,PE_Exit_Price,PnL
0,2026-03-05,,,,,0
,Date,CE_Entry_Price,CE_Exit_Price,PE_Entry_Price,PE_Exit_Price,PnL
0,2026-03-05,,,,,0
,Date,CE_Entry_Price,CE_Exit_Price,PE_Entry_Price,PE_Exit_Price,PnL
0,2026-03-05,,,,,0
,Date,CE_Entry_Price,CE_Exit_Price,PE_Entry_Price,PE_Exit_Price,PnL
0,2026-03-05,,,,,0
,Date,CE_Entry_Price,CE_Exit_Price,PE_Entry_Price,PE_Exit_Price,PnL
0,2026-03-05,,,,,0
,Date,CE_Entry_Price,CE_Exit_Price,PE_Entry_Price,PE_Exit_Price,PnL
0,2026-03-05,,,,,0
,Date,CE_Entry_Price,CE_Exit_Price,PE_Entry_Price,PE_Exit_Price,PnL
0,2026-03-05,,,,,0
,Date,CE_Entry_Price,CE_Exit_Price,PE_Entry_Price,PE_Exit_Price,PnL
0,2026-03-05,,,,,0
,Date,CE_Entry_Price,CE_Exit_Price,PE_Entry_Price,PE_Exit_Price,PnL
0,2026-03-05,,,,,0
,Date,CE_Entry_Price,CE_Exit_Price,PE_Entry_Price,PE_Exit_Price,PnL
0,2026-03-05,,,,,0
,Date,CE_Entry_Price,CE_Exit_Price,PE_Entry_Price,PE_Exit_Price,PnL
0,2026-03-05,,,,,0
,Date,CE_Entry_Price,CE_Exit_Price,PE_Entry_Price,PE_Exit_Price,PnL
0,2026-03-06,,,,,0
,Date,CE_Entry_Price,CE_Exit_Price,PE_Entry_Price,PE_Exit_Price,PnL
0,2026-03-06,,,,,0
,Date,CE_Entry_Price,CE_Exit_Price,PE_Entry_Price,PE_Exit_Price,PnL
0,2026-03-06,,,,,0
,Date,CE_Entry_Price,CE_Exit_Price,PE_Entry_Price,PE_Exit_Price,PnL
0,2026-03-06,,,,,0
,Date,CE_Entry_Price,CE_Exit_Price,PE_Entry_Price,PE_Exit_Price,PnL
0,2026-03-06,,,,,0
,Date,CE_Entry_Price,CE_Exit_Price,PE_Entry_Price,PE_Exit_Price,PnL
0,2026-03-06,,,,,0
,Date,CE_Entry_Price,CE_Exit_Price,PE_Entry_Price,PE_Exit_Price,PnL
0,2026-03-07,,,,,0
,Date,CE_Entry_Price,CE_Exit_Price,PE_Entry_Price,PE_Exit_Price,PnL
0,2026-03-07,,,,,0
,Date,CE_Entry_Price,CE_Exit_Price,PE_Entry_Price,PE_Exit_Price,PnL
0,2026-03-07,,,,,0
,Date,CE_Entry_Price,CE_Exit_Price,PE_Entry_Price,PE_Exit_Price,PnL
0,2026-03-07,,,,,0
,Date,CE_Entry_Price,CE_Exit_Price,PE_Entry_Price,PE_Exit_Price,PnL
0,2026-03-08,,,,,0
,Date,CE_Entry_Price,CE_Exit_Price,PE_Entry_Price,PE_Exit_Price,PnL
0,2026-03-08,,,,,0
,Date,CE_Entry_Price,CE_Exit_Price,PE_Entry_Price,PE_Exit_Price,PnL
0,2026-03-08,,,,,0
,Date,CE_Entry_Price,CE_Exit_Price,PE_Entry_Price,PE_Exit_Price,PnL
0,2026-03-08,,,,,0
,Date,CE_Entry_Price,CE_Exit_Price,PE_Entry_Price,PE_Exit_Price,PnL
0,2026-03-08,,,,,0
,Date,CE_Entry_Price,CE_Exit_Price,PE_Entry_Price,PE_Exit_Price,PnL
0,2026-03-08,,,,,0
,Date,CE_Entry_Price,CE_Exit_Price,PE_Entry_Price,PE_Exit_Price,PnL
0,2026-03-08,,,,,0
,Date,CE_Entry_Price,CE_Exit_Price,PE_Entry_Price,PE_Exit_Price,PnL
0,2026-03-08,,,,,0
,Date,CE_Entry_Price,CE_Exit_Price,PE_Entry_Price,PE_Exit_Price,PnL
0,2026-03-08,,,,,0
,Date,CE_Entry_Price,CE_Exit_Price,PE_Entry_Price,PE_Exit_Price,PnL
0,2026-03-08,,,,,0
,Date,CE_Entry_Price,CE_Exit_Price,PE_Entry_Price,PE_Exit_Price,PnL
0,2026-03-08,,,,,0
,Date,CE_Entry_Price,CE_Exit_Price,PE_Entry_Price,PE_Exit_Price,PnL
0,2026-03-08,,,,,0
,Date,CE_Entry_Price,CE_Exit_Price,PE_Entry_Price,PE_Exit_Price,PnL
0,2026-03-08,,,,,0
,Date,CE_Entry_Price,CE_Exit_Price,PE_Entry_Price,PE_Exit_Price,PnL
0,2026-03-08,,,,,0
,Date,CE_Entry_Price,CE_Exit_Price,PE_Entry_Price,PE_Exit_Price,PnL
0,2026-03-08,,,,,0
,Date,CE_Entry_Price,CE_Exit_Price,PE_Entry_Price,PE_Exit_Price,PnL
0,2026-03-09,,,,,0
,Date,CE_Entry_Price,CE_Exit_Price,PE_Entry_Price,PE_Exit_Price,PnL
0,2026-03-09,,,,,0
,Date,CE_Entry_Price,CE_Exit_Price,PE_Entry_Price,PE_Exit_Price,PnL
0,2026-03-09,,,,,0
,Date,CE_Entry_Price,CE_Exit_Price,PE_Entry_Price,PE_Exit_Price,PnL
0,2026-03-09,,,,,0
,Date,CE_Entry_Price,CE_Exit_Price,PE_Entry_Price,PE_Exit_Price,PnL
0,2026-03-09,,,,,0
,Date,CE_Entry_Price,CE_Exit_Price,PE_Entry_Price,PE_Exit_Price,PnL
0,2026-03-09,,,,,0
,Date,CE_Entry_Price,CE_Exit_Price,PE_Entry_Price,PE_Exit_Price,PnL
0,2026-03-09,,,,,0
,Date,CE_Entry_Price,CE_Exit_Price,PE_Entry_Price,PE_Exit_Price,PnL
0,2026-03-09,,,,,0
,Date,CE_Entry_Price,CE_Exit_Price,PE_Entry_Price,PE_Exit_Price,PnL
0,2026-03-09,,,,,0
,Date,CE_Entry_Price,CE_Exit_Price,PE_Entry_Price,PE_Exit_Price,PnL
0,2026-03-09,,,,,0
,Date,CE_Entry_Price,CE_Exit_Price,PE_Entry_Price,PE_Exit_Price,PnL
0,2026-03-09,,,,,0
,Date,CE_Entry_Price,CE_Exit_Price,PE_Entry_Price,PE_Exit_Price,PnL
0,2026-03-09,,,,,0
,Date,CE_Entry_Price,CE_Exit_Price,PE_Entry_Price,PE_Exit_Price,PnL
0,2026-03-09,,,,,0
,Date,CE_Entry_Price,CE_Exit_Price,PE_Entry_Price,PE_Exit_Price,PnL
0,2026-03-09,,,,,0
,Date,CE_Entry_Price,CE_Exit_Price,PE_Entry_Price,PE_Exit_Price,PnL
0,2026-03-09,,,,,0
,Date,CE_Entry_Price,CE_Exit_Price,PE_Entry_Price,PE_Exit_Price,PnL
0,2026-03-09,,,,,0
,Date,CE_Entry_Price,CE_Exit_Price,PE_Entry_Price,PE_Exit_Price,PnL
0,2026-03-09,,,,,0
,Date,CE_Entry_Price,CE_Exit_Price,PE_Entry_Price,PE_Exit_Price,PnL
0,2026-03-09,,,,,0
,Date,CE_Entry_Price,CE_Exit_Price,PE_Entry_Price,PE_Exit_Price,PnL
0,2026-03-09,,,,,0
,Date,CE_Entry_Price,CE_Exit_Price,PE_Entry_Price,PE_Exit_Price,PnL
0,2026-03-09,,,,,0
,Date,CE_Entry_Price,CE_Exit_Price,PE_Entry_Price,PE_Exit_Price,PnL
0,2026-03-09,,,,,0
,Date,CE_Entry_Price,CE_Exit_Price,PE_Entry_Price,PE_Exit_Price,PnL
0,2026-03-09,,,,,0
,Date,CE_Entry_Price,CE_Exit_Price,PE_Entry_Price,PE_Exit_Price,PnL
0,2026-03-09,,,,,0
,Date,CE_Entry_Price,CE_Exit_Price,PE_Entry_Price,PE_Exit_Price,PnL
0,2026-03-09,,,,,0
,Date,CE_Entry_Price,CE_Exit_Price,PE_Entry_Price,PE_Exit_Price,PnL
0,2026-03-09,,,,,0
,Date,CE_Entry_Price,CE_Exit_Price,PE_Entry_Price,PE_Exit_Price,PnL
0,2026-03-09,,,,,0
,Date,CE_Entry_Price,CE_Exit_Price,PE_Entry_Price,PE_Exit_Price,PnL
0,2026-03-09,,,,,0
,Date,CE_Entry_Price,CE_Exit_Price,PE_Entry_Price,PE_Exit_Price,PnL
0,2026-03-09,,,,,0
,Date,CE_Entry_Price,CE_Exit_Price,PE_Entry_Price,PE_Exit_Price,PnL
0,2026-03-09,,,,,0
,Date,CE_Entry_Price,CE_Exit_Price,PE_Entry_Price,PE_Exit_Price,PnL
0,2026-03-09,,,,,0
,Date,CE_Entry_Price,CE_Exit_Price,PE_Entry_Price,PE_Exit_Price,PnL
0,2026-03-09,,,,,0
,Date,CE_Entry_Price,CE_Exit_Price,PE_Entry_Price,PE_Exit_Price,PnL
0,2026-03-09,,,,,0
,Date,CE_Entry_Price,CE_Exit_Price,PE_Entry_Price,PE_Exit_Price,PnL
0,2026-03-09,,,,,0
,Date,CE_Entry_Price,CE_Exit_Price,PE_Entry_Price,PE_Exit_Price,PnL
0,2026-03-09,,,,,0
,Date,CE_Entry_Price,CE_Exit_Price,PE_Entry_Price,PE_Exit_Price,PnL
0,2026-03-09,,,,,0
,Date,CE_Entry_Price,CE_Exit_Price,PE_Entry_Price,PE_Exit_Price,PnL
0,2026-03-09,,,,,0
,Date,CE_Entry_Price,CE_Exit_Price,PE_Entry_Price,PE_Exit_Price,PnL
0,2026-03-09,,,,,0
,Date,CE_Entry_Price,CE_Exit_Price,PE_Entry_Price,PE_Exit_Price,PnL
0,2026-03-09,,,,,0
,Date,CE_Entry_Price,CE_Exit_Price,PE_Entry_Price,PE_Exit_Price,PnL
0,2026-03-09,,,,,0
,Date,CE_Entry_Price,CE_Exit_Price,PE_Entry_Price,PE_Exit_Price,PnL
0,2026-03-09,,,,,0
,Date,CE_Entry_Price,CE_Exit_Price,PE_Entry_Price,PE_Exit_Price,PnL
0,2026-03-09,,,,,0
,Date,CE_Entry_Price,CE_Exit_Price,PE_Entry_Price,PE_Exit_Price,PnL
0,2026-03-09,,,,,0
,Date,CE_Entry_Price,CE_Exit_Price,PE_Entry_Price,PE_Exit_Price,PnL
0,2026-03-09,,,,,0
,Date,CE_Entry_Price,CE_Exit_Price,PE_Entry_Price,PE_Exit_Price,PnL
0,2026-03-09,,,,,0
,Date,CE_Entry_Price,CE_Exit_Price,PE_Entry_Price,PE_Exit_Price,PnL
0,2026-03-09,,,,,0
,Date,CE_Entry_Price,CE_Exit_Price,PE_Entry_Price,PE_Exit_Price,PnL
0,2026-03-09,,,,,0
,Date,CE_Entry_Price,CE_Exit_Price,PE_Entry_Price,PE_Exit_Price,PnL
0,2026-03-09,,,,,0
,Date,CE_Entry_Price,CE_Exit_Price,PE_Entry_Price,PE_Exit_Price,PnL
0,2026-03-09,,,,,0
,Date,CE_Entry_Price,CE_Exit_Price,PE_Entry_Price,PE_Exit_Price,PnL
0,2026-03-09,,,,,0
,Date,CE_Entry_Price,CE_Exit_Price,PE_Entry_Price,PE_Exit_Price,PnL
0,2026-03-09,,,,,0
,Date,CE_Entry_Price,CE_Exit_Price,PE_Entry_Price,PE_Exit_Price,PnL
0,2026-03-09,,,,,0
,Date,CE_Entry_Price,CE_Exit_Price,PE_Entry_Price,PE_Exit_Price,PnL
0,2026-03-10,,,,,0
,Date,CE_Entry_Price,CE_Exit_Price,PE_Entry_Price,PE_Exit_Price,PnL
0,2026-03-10,,,,,0
,Date,CE_Entry_Price,CE_Exit_Price,PE_Entry_Price,PE_Exit_Price,PnL
0,2026-03-10,,,,,0
,Date,CE_Entry_Price,CE_Exit_Price,PE_Entry_Price,PE_Exit_Price,PnL
0,2026-03-10,,,,,0
,Date,CE_Entry_Price,CE_Exit_Price,PE_Entry_Price,PE_Exit_Price,PnL
0,2026-03-10,,,,,0
,Date,CE_Entry_Price,CE_Exit_Price,PE_Entry_Price,PE_Exit_Price,PnL
0,2026-03-11,,,,,0
,Date,CE_Entry_Price,CE_Exit_Price,PE_Entry_Price,PE_Exit_Price,PnL
0,2026-03-11,,,,,0
,Date,CE_Entry_Price,CE_Exit_Price,PE_Entry_Price,PE_Exit_Price,PnL
0,2026-03-11,,,,,0
,Date,CE_Entry_Price,CE_Exit_Price,PE_Entry_Price,PE_Exit_Price,PnL
0,2026-03-11,,,,,0
,Date,CE_Entry_Price,CE_Exit_Price,PE_Entry_Price,PE_Exit_Price,PnL
0,2026-03-11,,,,,0
,Date,CE_Entry_Price,CE_Exit_Price,PE_Entry_Price,PE_Exit_Price,PnL
0,2026-03-11,,,,,0
,Date,CE_Entry_Price,CE_Exit_Price,PE_Entry_Price,PE_Exit_Price,PnL
0,2026-03-11,,,,,0
,Date,CE_Entry_Price,CE_Exit_Price,PE_Entry_Price,PE_Exit_Price,PnL
0,2026-03-11,,,,,0
,Date,CE_Entry_Price,CE_Exit_Price,PE_Entry_Price,PE_Exit_Price,PnL
0,2026-03-11,,,,,0
,Date,CE_Entry_Price,CE_Exit_Price,PE_Entry_Price,PE_Exit_Price,PnL
0,2026-03-11,,,,,0
,Date,CE_Entry_Price,CE_Exit_Price,PE_Entry_Price,PE_Exit_Price,PnL
0,2026-03-11,,,,,0
,Date,CE_Entry_Price,CE_Exit_Price,PE_Entry_Price,PE_Exit_Price,PnL
0,2026-03-11,,,,,0
,Date,CE_Entry_Price,CE_Exit_Price,PE_Entry_Price,PE_Exit_Price,PnL
0,2026-03-11,,,,,0
,Date,CE_Entry_Price,CE_Exit_Price,PE_Entry_Price,PE_Exit_Price,PnL
0,2026-03-12,,,,,0
,Date,CE_Entry_Price,CE_Exit_Price,PE_Entry_Price,PE_Exit_Price,PnL
0,2026-03-12,,,,,0
,Date,CE_Entry_Price,CE_Exit_Price,PE_Entry_Price,PE_Exit_Price,PnL
0,2026-03-12,,,,,0
,Date,CE_Entry_Price,CE_Exit_Price,PE_Entry_Price,PE_Exit_Price,PnL
0,2026-03-12,,,,,0
,Date,CE_Entry_Price,CE_Exit_Price,PE_Entry_Price,PE_Exit_Price,PnL
0,2026-03-12,,,,,0
,Date,CE_Entry_Price,CE_Exit_Price,PE_Entry_Price,PE_Exit_Price,PnL
0,2026-03-13,,,,,0
,Date,CE_Entry_Price,CE_Exit_Price,PE_Entry_Price,PE_Exit_Price,PnL
0,2026-03-13,,,,,0
,Date,CE_Entry_Price,CE_Exit_Price,PE_Entry_Price,PE_Exit_Price,PnL
0,2026-03-13,,,,,0
,Date,CE_Entry_Price,CE_Exit_Price,PE_Entry_Price,PE_Exit_Price,PnL
0,2026-03-13,,,,,0
,Date,CE_Entry_Price,CE_Exit_Price,PE_Entry_Price,PE_Exit_Price,PnL
0,2026-03-13,,,,,0
,Date,CE_Entry_Price,CE_Exit_Price,PE_Entry_Price,PE_Exit_Price,PnL
0,2026-03-13,,,,,0
,Date,CE_Entry_Price,CE_Exit_Price,PE_Entry_Price,PE_Exit_Price,PnL
0,2026-03-13,,,,,0
,Date,CE_Entry_Price,CE_Exit_Price,PE_Entry_Price,PE_Exit_Price,PnL
0,2026-03-13,,,,,0
,Date,CE_Entry_Price,CE_Exit_Price,PE_Entry_Price,PE_Exit_Price,PnL
0,2026-03-13,,,,,0
,Date,CE_Entry_Price,CE_Exit_Price,PE_Entry_Price,PE_Exit_Price,PnL
0,2026-03-13,,,,,0
,Date,CE_Entry_Price,CE_Exit_Price,PE_Entry_Price,PE_Exit_Price,PnL
0,2026-03-13,,,,,0
,Date,CE_Entry_Price,CE_Exit_Price,PE_Entry_Price,PE_Exit_Price,PnL
0,2026-03-13,,,,,0
,Date,CE_Entry_Price,CE_Exit_Price,PE_Entry_Price,PE_Exit_Price,PnL
0,2026-03-13,,,,,0
,Date,CE_Entry_Price,CE_Exit_Price,PE_Entry_Price,PE_Exit_Price,PnL
0,2026-03-13,,,,,0
,Date,CE_Entry_Price,CE_Exit_Price,PE_Entry_Price,PE_Exit_Price,PnL
0,2026-03-13,,,,,0
,Date,CE_Entry_Price,CE_Exit_Price,PE_Entry_Price,PE_Exit_Price,PnL
0,2026-03-14,,,,,0
,Date,CE_Entry_Price,CE_Exit_Price,PE_Entry_Price,PE_Exit_Price,PnL
0,2026-03-14,,,,,0
,Date,CE_Entry_Price,CE_Exit_Price,PE_Entry_Price,PE_Exit_Price,PnL
0,2026-03-14,,,,,0
,Date,CE_Entry_Price,CE_Exit_Price,PE_Entry_Price,PE_Exit_Price,PnL
0,2026-03-14,,,,,0
,Date,CE_Entry_Price,CE_Exit_Price,PE_Entry_Price,PE_Exit_Price,PnL
0,2026-03-14,,,,,0
,Date,CE_Entry_Price,CE_Exit_Price,PE_Entry_Price,PE_Exit_Price,PnL
0,2026-03-14,,,,,0
,Date,CE_Entry_Price,CE_Exit_Price,PE_Entry_Price,PE_Exit_Price,PnL
0,2026-03-14,,,,,0
,Date,CE_Entry_Price,CE_Exit_Price,PE_Entry_Price,PE_Exit_Price,PnL
0,2026-03-14,,,,,0
,Date,CE_Entry_Price,CE_Exit_Price,PE_Entry_Price,PE_Exit_Price,PnL
0,2026-03-14,,,,,0
,Date,CE_Entry_Price,CE_Exit_Price,PE_Entry_Price,PE_Exit_Price,PnL
0,2026-03-14,,,,,0
,Date,CE_Entry_Price,CE_Exit_Price,PE_Entry_Price,PE_Exit_Price,PnL
0,2026-03-14,,,,,0
,Date,CE_Entry_Price,CE_Exit_Price,PE_Entry_Price,PE_Exit_Price,PnL
0,2026-03-14,,,,,0
,Date,CE_Entry_Price,CE_Exit_Price,PE_Entry_Price,PE_Exit_Price,PnL
0,2026-03-14,,,,,0
,Date,CE_Entry_Price,CE_Exit_Price,PE_Entry_Price,PE_Exit_Price,PnL
0,2026-03-14,,,,,0
,Date,CE_Entry_Price,CE_Exit_Price,PE_Entry_Price,PE_Exit_Price,PnL
0,2026-03-14,,,,,0
,Date,CE_Entry_Price,CE_Exit_Price,PE_Entry_Price,PE_Exit_Price,PnL
0,2026-03-14,,,,,0
,Date,CE_Entry_Price,CE_Exit_Price,PE_Entry_Price,PE_Exit_Price,PnL
0,2026-03-14,,,,,0
,Date,CE_Entry_Price,CE_Exit_Price,PE_Entry_Price,PE_Exit_Price,PnL
0,2026-03-14,,,,,0
,Date,CE_Entry_Price,CE_Exit_Price,PE_Entry_Price,PE_Exit_Price,PnL
0,2026-03-14,,,,,0
,Date,CE_Entry_Price,CE_Exit_Price,PE_Entry_Price,PE_Exit_Price,PnL
0,2026-03-14,,,,,0
,Date,CE_Entry_Price,CE_Exit_Price,PE_Entry_Price,PE_Exit_Price,PnL
0,2026-03-14,,,,,0
,Date,CE_Entry_Price,CE_Exit_Price,PE_Entry_Price,PE_Exit_Price,PnL
0,2026-03-14,,,,,0
,Date,CE_Entry_Price,CE_Exit_Price,PE_Entry_Price,PE_Exit_Price,PnL
0,2026-03-14,,,,,0
,Date,CE_Entry_Price,CE_Exit_Price,PE_Entry_Price,PE_Exit_Price,PnL
0,2026-03-14,,,,,0
,Date,CE_Entry_Price,CE_Exit_Price,PE_Entry_Price,PE_Exit_Price,PnL
0,2026-03-14,,,,,0
,Date,CE_Entry_Price,CE_Exit_Price,PE_Entry_Price,PE_Exit_Price,PnL
0,2026-03-14,,,,,0
,Date,CE_Entry_Price,CE_Exit_Price,PE_Entry_Price,PE_Exit_Price,PnL
0,2026-03-14,,,,,0
,Date,CE_Entry_Price,CE_Exit_Price,PE_Entry_Price,PE_Exit_Price,PnL
0,2026-03-14,,,,,0
,Date,CE_Entry_Price,CE_Exit_Price,PE_Entry_Price,PE_Exit_Price,PnL
0,2026-03-14,,,,,0
,Date,CE_Entry_Price,CE_Exit_Price,PE_Entry_Price,PE_Exit_Price,PnL
0,2026-03-14,,,,,0
,Date,CE_Entry_Price,CE_Exit_Price,PE_Entry_Price,PE_Exit_Price,PnL
0,2026-03-14,,,,,0
,Date,CE_Entry_Price,CE_Exit_Price,PE_Entry_Price,PE_Exit_Price,PnL
0,2026-03-14,,,,,0
,Date,CE_Entry_Price,CE_Exit_Price,PE_Entry_Price,PE_Exit_Price,PnL
0,2026-03-14,,,,,0
,Date,CE_Entry_Price,CE_Exit_Price,PE_Entry_Price,PE_Exit_Price,PnL
0,2026-03-14,,,,,0
,Date,CE_Entry_Price,CE_Exit_Price,PE_Entry_Price,PE_Exit_Price,PnL
0,2026-03-14,,,,,0
,Date,CE_Entry_Price,CE_Exit_Price,PE_Entry_Price,PE_Exit_Price,PnL
0,2026-03-14,,,,,0
,Date,CE_Entry_Price,CE_Exit_Price,PE_Entry_Price,PE_Exit_Price,PnL
0,2026-03-14,,,,,0
,Date,CE_Entry_Price,CE_Exit_Price,PE_Entry_Price,PE_Exit_Price,PnL
0,2026-03-14,,,,,0
,Date,CE_Entry_Price,CE_Exit_Price,PE_Entry_Price,PE_Exit_Price,PnL
0,2026-03-14,,,,,0
,Date,CE_Entry_Price,CE_Exit_Price,PE_Entry_Price,PE_Exit_Price,PnL
0,2026-03-14,,,,,0
,Date,CE_Entry_Price,CE_Exit_Price,PE_Entry_Price,PE_Exit_Price,PnL
0,2026-03-14,,,,,0
,Date,CE_Entry_Price,CE_Exit_Price,PE_Entry_Price,PE_Exit_Price,PnL
0,2026-03-14,,,,,0
,Date,CE_Entry_Price,CE_Exit_Price,PE_Entry_Price,PE_Exit_Price,PnL
0,2026-03-14,,,,,0
,Date,CE_Entry_Price,CE_Exit_Price,PE_Entry_Price,PE_Exit_Price,PnL
0,2026-03-14,,,,,0
,Date,CE_Entry_Price,CE_Exit_Price,PE_Entry_Price,PE_Exit_Price,PnL
0,2026-03-14,,,,,0
,Date,CE_Entry_Price,CE_Exit_Price,PE_Entry_Price,PE_Exit_Price,PnL
0,2026-04-10,,,,,0
,Date,CE_Entry_Price,CE_Exit_Price,PE_Entry_Price,PE_Exit_Price,PnL
0,2026-04-10,,,,,0
,Date,CE_Entry_Price,CE_Exit_Price,PE_Entry_Price,PE_Exit_Price,PnL
0,2026-04-10,,,,,0
,Date,CE_Entry_Price,CE_Exit_Price,PE_Entry_Price,PE_Exit_Price,PnL
0,2026-04-10,,,,,0
,Date,CE_Entry_Price,CE_Exit_Price,PE_Entry_Price,PE_Exit_Price,PnL
0,2026-04-10,,,,,0
,Date,CE_Entry_Price,CE_Exit_Price,PE_Entry_Price,PE_Exit_Price,PnL
0,2026-04-10,,,,,0
,Date,CE_Entry_Price,CE_Exit_Price,PE_Entry_Price,PE_Exit_Price,PnL
0,2026-04-10,,,,,0
,Date,CE_Entry_Price,CE_Exit_Price,PE_Entry_Price,PE_Exit_Price,PnL
0,2026-04-10,,,,,0
,Date,CE_Entry_Price,CE_Exit_Price,PE_Entry_Price,PE_Exit_Price,PnL
0,2026-04-10,,,,,0
,Date,CE_Entry_Price,CE_Exit_Price,PE_Entry_Price,PE_Exit_Price,PnL
0,2026-04-10,,,,,0
,Date,CE_Entry_Price,CE_Exit_Price,PE_Entry_Price,PE_Exit_Price,PnL
0,2026-04-10,,,,,0
